page_id,language,module_class,symbol,original_signature,purpose,used_in_task,verification_status,source_line,parameters_verbatim,returns_verbatim,kind,source_url
contents/reference/Python/common.md,Python,Global,gdk_init,gdk_init() [heading; full declaration NOT DOCUMENTED; SDK UNVERIFIED],初始化GDK系统,YES_READ_ONLY_DOC_IMPLEMENTED,DOCUMENTED_PARAMETERS; SDK_UNVERIFIED,9,无,`GDKRes`，操作结果状态码,method,https://support.agibot.com/?gdk_version=2.6.3#contents/reference/Python/common.md
contents/reference/Python/common.md,Python,Global,gdk_release,gdk_release() [heading; full declaration NOT DOCUMENTED; SDK UNVERIFIED],释放GDK系统资源,YES_READ_ONLY_DOC_IMPLEMENTED,DOCUMENTED_PARAMETERS; SDK_UNVERIFIED,39,无,`GDKRes`，操作结果状态码,method,https://support.agibot.com/?gdk_version=2.6.3#contents/reference/Python/common.md
contents/reference/Python/types.md,Python,Types,GDKRes,NOT A FUNCTION; type/table declaration GDKRes,Documented data type or enumeration,NO,DOCUMENTED_TYPE; SDK_UNVERIFIED,9,See source member table,N/A,type,https://support.agibot.com/?gdk_version=2.6.3#contents/reference/Python/types.md
contents/reference/Python/types.md,Python,Types,CameraType,NOT A FUNCTION; type/table declaration CameraType,Documented data type or enumeration,NO,DOCUMENTED_TYPE; SDK_UNVERIFIED,32,See source member table,N/A,type,https://support.agibot.com/?gdk_version=2.6.3#contents/reference/Python/types.md
contents/reference/Python/types.md,Python,Types,LidarType,NOT A FUNCTION; type/table declaration LidarType,Documented data type or enumeration,NO,DOCUMENTED_TYPE; SDK_UNVERIFIED,57,See source member table,N/A,type,https://support.agibot.com/?gdk_version=2.6.3#contents/reference/Python/types.md
contents/reference/Python/types.md,Python,Types,ImuType,NOT A FUNCTION; type/table declaration ImuType,Documented data type or enumeration,NO,DOCUMENTED_TYPE; SDK_UNVERIFIED,75,See source member table,N/A,type,https://support.agibot.com/?gdk_version=2.6.3#contents/reference/Python/types.md
contents/reference/Python/types.md,Python,Types,EndEffectorControlGroup,NOT A FUNCTION; type/table declaration EndEffectorControlGroup,Documented data type or enumeration,NO,DOCUMENTED_TYPE; SDK_UNVERIFIED,94,See source member table,N/A,type,https://support.agibot.com/?gdk_version=2.6.3#contents/reference/Python/types.md
contents/reference/Python/types.md,Python,Types,SensorExtrinsicType,NOT A FUNCTION; type/table declaration SensorExtrinsicType,Documented data type or enumeration,NO,DOCUMENTED_TYPE; SDK_UNVERIFIED,122,See source member table,N/A,type,https://support.agibot.com/?gdk_version=2.6.3#contents/reference/Python/types.md
contents/reference/Python/types.md,Python,Types,Vector3,NOT A FUNCTION; type/table declaration Vector3,Documented data type or enumeration,NO,DOCUMENTED_TYPE; SDK_UNVERIFIED,157,See source member table,N/A,type,https://support.agibot.com/?gdk_version=2.6.3#contents/reference/Python/types.md
contents/reference/Python/types.md,Python,Types,Quaternion,NOT A FUNCTION; type/table declaration Quaternion,Documented data type or enumeration,NO,DOCUMENTED_TYPE; SDK_UNVERIFIED,178,See source member table,N/A,type,https://support.agibot.com/?gdk_version=2.6.3#contents/reference/Python/types.md
contents/reference/Python/types.md,Python,Types,Pose,NOT A FUNCTION; type/table declaration Pose,Documented data type or enumeration,NO,DOCUMENTED_TYPE; SDK_UNVERIFIED,201,See source member table,N/A,type,https://support.agibot.com/?gdk_version=2.6.3#contents/reference/Python/types.md
contents/reference/Python/types.md,Python,Types,Twist,NOT A FUNCTION; type/table declaration Twist,Documented data type or enumeration,NO,DOCUMENTED_TYPE; SDK_UNVERIFIED,222,See source member table,N/A,type,https://support.agibot.com/?gdk_version=2.6.3#contents/reference/Python/types.md
contents/reference/Python/types.md,Python,Types,Wrench,NOT A FUNCTION; type/table declaration Wrench,Documented data type or enumeration,NO,DOCUMENTED_TYPE; SDK_UNVERIFIED,241,See source member table,N/A,type,https://support.agibot.com/?gdk_version=2.6.3#contents/reference/Python/types.md
contents/reference/Python/types.md,Python,Types,Image,NOT A FUNCTION; type/table declaration Image,Documented data type or enumeration,NO,DOCUMENTED_TYPE; SDK_UNVERIFIED,262,See source member table,N/A,type,https://support.agibot.com/?gdk_version=2.6.3#contents/reference/Python/types.md
contents/reference/Python/types.md,Python,Types,PointCloud,NOT A FUNCTION; type/table declaration PointCloud,Documented data type or enumeration,NO,DOCUMENTED_TYPE; SDK_UNVERIFIED,295,See source member table,N/A,type,https://support.agibot.com/?gdk_version=2.6.3#contents/reference/Python/types.md
contents/reference/Python/types.md,Python,Types,ImuData,NOT A FUNCTION; type/table declaration ImuData,Documented data type or enumeration,NO,DOCUMENTED_TYPE; SDK_UNVERIFIED,330,See source member table,N/A,type,https://support.agibot.com/?gdk_version=2.6.3#contents/reference/Python/types.md
contents/reference/Python/types.md,Python,Types,CameraIntrinsic,NOT A FUNCTION; type/table declaration CameraIntrinsic,Documented data type or enumeration,NO,DOCUMENTED_TYPE; SDK_UNVERIFIED,356,See source member table,N/A,type,https://support.agibot.com/?gdk_version=2.6.3#contents/reference/Python/types.md
contents/reference/Python/types.md,Python,Types,JointState,NOT A FUNCTION; type/table declaration JointState,Documented data type or enumeration,NO,DOCUMENTED_TYPE; SDK_UNVERIFIED,388,See source member table,N/A,type,https://support.agibot.com/?gdk_version=2.6.3#contents/reference/Python/types.md
contents/reference/Python/types.md,Python,Types,JointControlReq,NOT A FUNCTION; type/table declaration JointControlReq,Documented data type or enumeration,DOC_CONTRACT_CONSTRUCTION_ONLY; REAL_TYPE_NOT_LOADED,DOCUMENTED_TYPE; SDK_UNVERIFIED,422,See source member table,N/A,type,https://support.agibot.com/?gdk_version=2.6.3#contents/reference/Python/types.md
contents/reference/Python/types.md,Python,Types,EndEffectorPose,NOT A FUNCTION; type/table declaration EndEffectorPose,Documented data type or enumeration,NO,DOCUMENTED_TYPE; SDK_UNVERIFIED,454,See source member table,N/A,type,https://support.agibot.com/?gdk_version=2.6.3#contents/reference/Python/types.md
contents/reference/Python/types.md,Python,Types,MapInfo,NOT A FUNCTION; type/table declaration MapInfo,Documented data type or enumeration,NO,DOCUMENTED_TYPE; SDK_UNVERIFIED,503,See source member table,N/A,type,https://support.agibot.com/?gdk_version=2.6.3#contents/reference/Python/types.md
contents/reference/Python/types.md,Python,Types,OccupancyGrid,NOT A FUNCTION; type/table declaration OccupancyGrid,Documented data type or enumeration,NO,DOCUMENTED_TYPE; SDK_UNVERIFIED,546,See source member table,N/A,type,https://support.agibot.com/?gdk_version=2.6.3#contents/reference/Python/types.md
contents/reference/Python/types.md,Python,Types,Transform,NOT A FUNCTION; type/table declaration Transform,Documented data type or enumeration,NO,DOCUMENTED_TYPE; SDK_UNVERIFIED,578,See source member table,N/A,type,https://support.agibot.com/?gdk_version=2.6.3#contents/reference/Python/types.md
contents/reference/Python/types.md,Python,Types,TransformStamped,NOT A FUNCTION; type/table declaration TransformStamped,Documented data type or enumeration,NO,DOCUMENTED_TYPE; SDK_UNVERIFIED,601,See source member table,N/A,type,https://support.agibot.com/?gdk_version=2.6.3#contents/reference/Python/types.md
contents/reference/Python/tf.md,Python,TF,get_all_tf_from_base_link,get_all_tf_from_base_link() [heading; full declaration NOT DOCUMENTED; SDK UNVERIFIED],获取从base_link到所有子坐标系的变换关系,NO,DOCUMENTED_PARAMETERS; SDK_UNVERIFIED,13,无,`list[TransformStamped]`，包含所有变换关系的列表，失败时抛出异常,method,https://support.agibot.com/?gdk_version=2.6.3#contents/reference/Python/tf.md
contents/reference/Python/tf.md,Python,TF,get_tf_from_base_link,get_tf_from_base_link() [heading; full declaration NOT DOCUMENTED; SDK UNVERIFIED],获取从base_link到指定子坐标系的变换关系,NO,DOCUMENTED_PARAMETERS; SDK_UNVERIFIED,72,- `child_frame_id`：子坐标系ID（字符串）,`Transform`对象，包含变换信息，失败时抛出异常,method,https://support.agibot.com/?gdk_version=2.6.3#contents/reference/Python/tf.md
contents/reference/Python/tf.md,Python,TF,get_tf_from_sensor,get_tf_from_sensor() [heading; full declaration NOT DOCUMENTED; SDK UNVERIFIED],获取从base_link到指定传感器的变换关系,NO,DOCUMENTED_PARAMETERS; SDK_UNVERIFIED,126,- `sensor_extrinsic_type`：传感器外参类型（枚举值）,`Transform`对象，包含变换信息，失败时抛出异常,method,https://support.agibot.com/?gdk_version=2.6.3#contents/reference/Python/tf.md
contents/reference/Python/tf.md,Python,TF,lookup_transform_latest,lookup_transform_latest() [heading; full declaration NOT DOCUMENTED; SDK UNVERIFIED],查询两个坐标系之间的最新变换关系,NO,DOCUMENTED_PARAMETERS; SDK_UNVERIFIED,202,- `target_frame`：目标坐标系ID（字符串） - `source_frame`：源坐标系ID（字符串） - `return_timestamp`：是否返回时间戳（布尔值，可选，默认为`False`）,NOT DOCUMENTED,method,https://support.agibot.com/?gdk_version=2.6.3#contents/reference/Python/tf.md
contents/reference/Python/tf.md,Python,TF,lookup_transform,lookup_transform() [heading; full declaration NOT DOCUMENTED; SDK UNVERIFIED],查询两个坐标系在特定时间的变换关系（支持时间插值）,NO,DOCUMENTED_PARAMETERS; SDK_UNVERIFIED,253,- `target_frame`：目标坐标系ID（字符串） - `source_frame`：源坐标系ID（字符串） - `time_ns`：查询时间（纳秒时间戳，整数）,`Transform`对象，包含变换信息，失败时抛出异常,method,https://support.agibot.com/?gdk_version=2.6.3#contents/reference/Python/tf.md
contents/reference/Python/tf.md,Python,TF,can_transform,can_transform() [heading; full declaration NOT DOCUMENTED; SDK UNVERIFIED],检查两个坐标系之间是否存在变换关系,NO,DOCUMENTED_PARAMETERS; SDK_UNVERIFIED,299,- `target_frame`：目标坐标系ID（字符串） - `source_frame`：源坐标系ID（字符串）,`bool`，如果存在变换关系返回`True`，否则返回`False`,method,https://support.agibot.com/?gdk_version=2.6.3#contents/reference/Python/tf.md
contents/reference/Python/tf.md,Python,TF,get_all_frame_names,get_all_frame_names() [heading; full declaration NOT DOCUMENTED; SDK UNVERIFIED],获取所有可用的坐标系名称,NO,DOCUMENTED_PARAMETERS; SDK_UNVERIFIED,335,无,`list[str]`，包含所有坐标系名称的列表,method,https://support.agibot.com/?gdk_version=2.6.3#contents/reference/Python/tf.md
contents/reference/Python/tf.md,Python,TF,get_latest_timestamp,get_latest_timestamp() [heading; full declaration NOT DOCUMENTED; SDK UNVERIFIED],获取指定坐标系的最新时间戳,NO,DOCUMENTED_PARAMETERS; SDK_UNVERIFIED,369,- `frame_id`：坐标系ID（字符串）,`int`，最新时间戳（纳秒），失败时抛出异常,method,https://support.agibot.com/?gdk_version=2.6.3#contents/reference/Python/tf.md
contents/reference/Python/tf.md,Python,TF,clear,clear() [heading; full declaration NOT DOCUMENTED; SDK UNVERIFIED],清空TF缓存中的所有变换关系,NO,DOCUMENTED_PARAMETERS; SDK_UNVERIFIED,401,无,无,method,https://support.agibot.com/?gdk_version=2.6.3#contents/reference/Python/tf.md
contents/reference/Python/robot.md,Python,Robot,get_joint_states,get_joint_states() [heading; full declaration NOT DOCUMENTED; SDK UNVERIFIED],获取关节状态信息,YES_READ_ONLY_DOC_IMPLEMENTED,DOCUMENTED_PARAMETERS; SDK_UNVERIFIED,13,无,`dict`，包含以下属性：,method,https://support.agibot.com/?gdk_version=2.6.3#contents/reference/Python/robot.md
contents/reference/Python/robot.md,Python,Robot,get_whole_body_status,get_whole_body_status() [heading; full declaration NOT DOCUMENTED; SDK UNVERIFIED],获取全身状态信息,NO,DOCUMENTED_PARAMETERS; SDK_UNVERIFIED,76,无,`dict`，包含以下属性：,method,https://support.agibot.com/?gdk_version=2.6.3#contents/reference/Python/robot.md
contents/reference/Python/robot.md,Python,Robot,get_motion_control_status,get_motion_control_status() [heading; full declaration NOT DOCUMENTED; SDK UNVERIFIED],获取末端运动控制状态,NO,DOCUMENTED_PARAMETERS; SDK_UNVERIFIED,173,无,`MotionControlStatus`对象，包含以下属性：,method,https://support.agibot.com/?gdk_version=2.6.3#contents/reference/Python/robot.md
contents/reference/Python/robot.md,Python,Robot,get_end_state,get_end_state() [heading; full declaration NOT DOCUMENTED; SDK UNVERIFIED],获取末端执行器状态信息,NO,DOCUMENTED_PARAMETERS; SDK_UNVERIFIED,234,无,`dict`，包含以下属性：,method,https://support.agibot.com/?gdk_version=2.6.3#contents/reference/Python/robot.md
contents/reference/Python/robot.md,Python,Robot,get_chassis_power_state,get_chassis_power_state() [heading; full declaration NOT DOCUMENTED; SDK UNVERIFIED],获取底盘电源状态,NO,DOCUMENTED_PARAMETERS; SDK_UNVERIFIED,335,NOT DOCUMENTED,`ChassisPowerState`对象，包含以下属性：,method,https://support.agibot.com/?gdk_version=2.6.3#contents/reference/Python/robot.md
contents/reference/Python/robot.md,Python,Robot,get_chest_power_state,get_chest_power_state() [heading; full declaration NOT DOCUMENTED; SDK UNVERIFIED],获取胸部电源状态,NO,DOCUMENTED_PARAMETERS; SDK_UNVERIFIED,399,NOT DOCUMENTED,`ChestPowerState`对象，包含以下属性：,method,https://support.agibot.com/?gdk_version=2.6.3#contents/reference/Python/robot.md
contents/reference/Python/robot.md,Python,Robot,joint_control_request,joint_control_request() [heading; full declaration NOT DOCUMENTED; SDK UNVERIFIED],关节位置规划控制接口，执行到目标位置后，接口返回。,CANDIDATE; RUNTIME_DISPATCH_BLOCKED; NO_VENDOR_CALL,DOCUMENTED_PARAMETERS; SDK_UNVERIFIED,457,`JointControlReq`对象，包含以下属性： | 属性名 | 类型 | 描述 | 单位 | | :--- | :--- | :--- | :--- | | `life_time` | `float` | 生命周期 | 秒 | | `joint_names` | `list[str]` | 关节名称列表 | 字符串列表 | | `joint_positions` | `list[float]` | 关节位置列表 | 弧度 | | `joint_velocities` | `list[float]` | 关节速度列表 | 弧度/秒 | | `detail` | `str` | 详细信息 | 字符串 |,`int`，0表示成功，失败时抛出异常,method,https://support.agibot.com/?gdk_version=2.6.3#contents/reference/Python/robot.md
contents/reference/Python/robot.md,Python,Robot,move_head_joint,move_head_joint() [heading; full declaration NOT DOCUMENTED; SDK UNVERIFIED],头部关节位置规划控制接口，执行到目标位置后，接口返回。,NO,DOCUMENTED_PARAMETERS; SDK_UNVERIFIED,537,"- `positions`：`list[float]`，头部关节位置列表，按照""idx11_head_joint1"", ""idx12_head_joint2"", ""idx13_head_joint3""顺序 - `velocities`：`list[float]`，头部关节速度列表（弧度/秒），按照""idx11_head_joint1"", ""idx12_head_joint2"", ""idx13_head_joint3""顺序",`int`，0表示成功，失败时抛出异常,method,https://support.agibot.com/?gdk_version=2.6.3#contents/reference/Python/robot.md
contents/reference/Python/robot.md,Python,Robot,move_waist_joint,move_waist_joint() [heading; full declaration NOT DOCUMENTED; SDK UNVERIFIED],腰部关节位置规划控制接口，执行到目标位置后，接口返回。,NO,DOCUMENTED_PARAMETERS; SDK_UNVERIFIED,577,"- `positions`：`list[float]`，腰部关节位置列表，按照""idx01_body_joint1"", ""idx02_body_joint2"", ""idx03_body_joint3"", ""idx04_body_joint4"", ""idx05_body_joint5""顺序 - `velocities`：`list[float]`，腰部关节速度列表（弧度/秒），按照""idx01_body_joint1"", ""idx02_body_joint2"", ""idx03_body_joint3"", ""idx04_body_joint4"", ""idx05_body_joint5""顺序",`int`，0表示成功，失败时抛出异常,method,https://support.agibot.com/?gdk_version=2.6.3#contents/reference/Python/robot.md
contents/reference/Python/robot.md,Python,Robot,move_arm_joint,move_arm_joint() [heading; full declaration NOT DOCUMENTED; SDK UNVERIFIED],手臂关节位置规划控制接口，执行到目标位置后，接口返回。,NO,DOCUMENTED_PARAMETERS; SDK_UNVERIFIED,617,"- `positions`：`list[float]`，手臂关节位置列表，按照""idx21_arm_l_joint1"", ""idx22_arm_l_joint2"", ""idx23_arm_l_joint3"", ""idx24_arm_l_joint4"", ""idx25_arm_l_joint5"", ""idx26_arm_l_joint6"", ""idx27_arm_l_joint7"", ""idx61_arm_r_joint1"", ""idx62_arm_r_joint2"", ""idx63_arm_r_joint3"", ""idx64_arm_r_joint4"", ""idx65_arm_r_joint5"", ""idx66_arm_r_joint6"", ""idx67_arm_r_joint7""顺序 - `velocities`：`list[float]`，手臂关节速度列表（弧度/秒），按照""idx21_arm_l_joint1"", ""idx22_arm_l_joint2"", ""idx23_arm_l_joint3"", ""idx24_arm_l_joint4"", ""idx25_arm_l_joint5"", ""idx26_arm_l_joint6"", ""idx27_arm_l_joint7"", ""idx61_arm_r_joint1"", ""idx62_arm_r_joint2"", ""idx63_arm_r_joint3"", ""idx64_arm_r_joint4"", ""idx65_arm_r_joint5"", ""idx66_arm_r_joint6"", ""idx67_arm_r_joint7""顺序 - `control_group`：`int`，控制组，0表示控制左臂，1表示控制右臂，2表示控制双臂",`int`，0表示成功，失败时抛出异常,method,https://support.agibot.com/?gdk_version=2.6.3#contents/reference/Python/robot.md
contents/reference/Python/robot.md,Python,Robot,joint_servo_control,joint_servo_control() [heading; full declaration NOT DOCUMENTED; SDK UNVERIFIED],关节位置伺服控制接口，需要以100hz的控制频率进行控制，支持正常模式和低延时模式，默认使用正常模式。,NO,DOCUMENTED_PARAMETERS; SDK_UNVERIFIED,660,"- `joint_servo_control_req`：`JointServoControlReq`对象，包含以下属性： | 属性名 | 类型 | 描述 | 单位 | | :--- | :--- | :--- | :--- | | `control_period` | `float` | 控制周期 | 秒 | | `joint_names` | `list[str]` | 关节名称列表 | 字符串列表 | | `joint_positions` | `list[float]` | 关节位置列表 | 弧度 | | `joint_velocities` | `list[float]` | 关节速度列表 | 弧度/秒 | - `enable_low_latency`：`bool`，可选参数，默认为`False`。 **参数说明**： - `control_period` 表示控制周期，单位为秒,建议比控制频率稍大 - `joint_names`、`joint_positions` 两个列表的长度必须相同 - `joint_positions` 中的值必须在对应关节的限位范围内（见下方关节限位值说明），否则将抛出异常 - `joint_names`、`joint_positions` 不能为空，否则将抛出异常 - `joint_velocities` 预留参数，目前不使用，可以为空 - `enable_low_latency` 用于选择控制通道，低延时模式适用于对实时性要求更高的场景",`int`，0表示成功，失败时抛出异常,method,https://support.agibot.com/?gdk_version=2.6.3#contents/reference/Python/robot.md
contents/reference/Python/robot.md,Python,Robot,move_head_joint_servo,move_head_joint_servo() [heading; full declaration NOT DOCUMENTED; SDK UNVERIFIED],头部关节位置伺服控制接口，需要以100hz的控制频率进行控制，支持正常模式和低延时模式，默认使用正常模式。,NO,DOCUMENTED_PARAMETERS; SDK_UNVERIFIED,1130,"- `positions`：`list[float]`，头部关节位置列表（弧度），按照""idx11_head_joint1"", ""idx12_head_joint2"", ""idx13_head_joint3""顺序 - `control_period`：`float`，控制周期（秒），建议比控制频率稍大 - `enable_low_latency`：`bool`，可选参数，默认为`False`，用于选择控制通道 **参数说明**： - `positions` 长度必须为3 - `positions` 中的值必须在对应关节的限位范围内（见下方关节限位值说明），否则将抛出异常 - `control_period` 表示控制周期，单位为秒，建议比控制频率稍大 - `enable_low_latency` 用于选择控制通道，低延时模式适用于对实时性要求更高的场景",`int`，0表示成功，失败时抛出异常,method,https://support.agibot.com/?gdk_version=2.6.3#contents/reference/Python/robot.md
contents/reference/Python/robot.md,Python,Robot,move_waist_joint_servo,move_waist_joint_servo() [heading; full declaration NOT DOCUMENTED; SDK UNVERIFIED],腰部关节位置伺服控制接口，需要以100hz的控制频率进行控制，支持正常模式和低延时模式，默认使用正常模式。,NO,DOCUMENTED_PARAMETERS; SDK_UNVERIFIED,1320,"- `positions`：`list[float]`，腰部关节位置列表（弧度），按照""idx01_body_joint1"", ""idx02_body_joint2"", ""idx03_body_joint3"", ""idx04_body_joint4"", ""idx05_body_joint5""顺序 - `control_period`：`float`，控制周期（秒），建议比控制频率稍大 - `enable_low_latency`：`bool`，可选参数，默认为`False`，用于选择控制通道 **参数说明**： - `positions` 长度必须为5 - `positions` 中的值必须在对应关节的限位范围内（见下方关节限位值说明），否则将抛出异常 - `control_period` 表示控制周期，单位为秒，建议比控制频率稍大 - `enable_low_latency` 用于选择控制通道，低延时模式适用于对实时性要求更高的场景",`int`，0表示成功，失败时抛出异常,method,https://support.agibot.com/?gdk_version=2.6.3#contents/reference/Python/robot.md
contents/reference/Python/robot.md,Python,Robot,move_arm_joint_servo,move_arm_joint_servo() [heading; full declaration NOT DOCUMENTED; SDK UNVERIFIED],手臂关节位置伺服控制接口，需要以100hz的控制频率进行控制，支持正常模式和低延时模式，默认使用正常模式。,NO,DOCUMENTED_PARAMETERS; SDK_UNVERIFIED,1521,"- `positions`：`list[float]`，手臂关节位置列表（弧度），按照""idx21_arm_l_joint1"", ""idx22_arm_l_joint2"", ""idx23_arm_l_joint3"", ""idx24_arm_l_joint4"", ""idx25_arm_l_joint5"", ""idx26_arm_l_joint6"", ""idx27_arm_l_joint7"", ""idx61_arm_r_joint1"", ""idx62_arm_r_joint2"", ""idx63_arm_r_joint3"", ""idx64_arm_r_joint4"", ""idx65_arm_r_joint5"", ""idx66_arm_r_joint6"", ""idx67_arm_r_joint7""顺序 - `control_period`：`float`，控制周期（秒），建议比控制频率稍大 - `control_group`：`int`，控制组，0表示控制左臂，1表示控制右臂，2表示控制双臂 - `enable_low_latency`：`bool`，可选参数，默认为`False`，用于选择控制通道 **参数说明**： - `positions` 长度必须为7(左臂或右臂)或14(双臂) - `positions` 中的值必须在对应关节的限位范围内（见下方关节限位值说明），否则将抛出异常 - `control_period` 表示控制周期，单位为秒，建议比控制频率稍大 - `control_group` 表示控制组，0表示控制左臂，1表示控制右臂，2表示控制双臂 - `enable_low_latency` 用于选择控制通道，低延时模式适用于对实时性要求更高的场景",`int`，0表示成功，失败时抛出异常,method,https://support.agibot.com/?gdk_version=2.6.3#contents/reference/Python/robot.md
contents/reference/Python/robot.md,Python,Robot,move_ee_pos,move_ee_pos() [heading; full declaration NOT DOCUMENTED; SDK UNVERIFIED],控制末端执行器位置（夹爪开合）,NO,DOCUMENTED_PARAMETERS; SDK_UNVERIFIED,1738,"`JointStates` 对象 **JointStates对象结构**： | 属性名 | 类型 | 描述 | 单位 | | :--- | :--- | :--- | :--- | | `group` | `str` | 控制组，必须为 ""left_tool""、""right_tool"" 或 ""dual_tool"" | 字符串 | | `target_type` | `str` | 目标类型，支持的值见下表 | 字符串 | | `states` | `list[JointState]` | 关节状态列表（必需） | JointState列表 | | `nums` | `int` | 关节数量，应等于 `len(states)` | 无单位 | **target_type 支持的值及对应的关节数量要求**： | target_type 值 | 关节数量要求 | 说明 | | :--- | :--- | :--- | | `""omnipicker""` | 1 | 全向抓取器，需要1个关节 | | `""dahuan""` | 1 | 大寰末端执行器，需要1个关节 | | `""ctek90d""` | 1 | CTEK90D末端执行器，需要1个关节 | | `""o10_t2""` | 10 | O10灵巧手末端执行器，需要10个关节 | | `""o12_t2""` | 12 | O12灵巧手节末端执行器，需要12个关节 | **各末端类型的关节位置取值范围**： - **注意**：关节取值范围与版本绑定，使用时注意当前版本的取值范围，当前版本取值范围以文档为主 - **omnipicker**：`position` 取值范围为 `[-0.785, 0]`，其中 `-0.785` 表示打开，`0` 表示关闭 - **dahuan**：`position` 取值范围为 `[0, 0.025]`，其中 `0` 表示打开，`0.025` 表示关闭 - **ctek90d**：`position` 取值范围为 `[-0.91, 0]`，其中 `-0.91` 表示打开，`0` 表示关闭 - **o10_t2**：各关节位置取值范围如下（单位：弧度） **左手关节限位值**： | 关节索引 | 关节名称 | 最小值 | 最大值 | | :--- | :--- | :--- | :--- | | 0 | `idx31_hand_l_thumb_roll_joint` | -1.1213740444063567 | 0.029670597283903602 | | 1 | `idx32_hand_l_thumb_abad_joint` | -0.04537856055185257 | 1.642354826126664 | | 2 | `idx33_hand_l_thumb_mcp_joint` | -0.8415977653116657 | 0.0 | | 3 | `idx36_hand_l_index_abad_joint` | 0.0 | 0.16406094968746698 | | 4 | `idx37_hand_l_index_pip_joint` | 0.0 | 1.4835298641951802 | | 5 | `idx39_hand_l_middle_pip_joint` | 0.0 | 1.4835298641951802 | | 6 | `idx41_hand_l_ring_abad_joint` | -0.16929693744344995 | 0.0 | | 7 | `idx42_hand_l_ring_pip_joint` | 0.0 | 1.4835298641951802 | | 8 | `idx44_hand_l_pinky_abad_joint` | -0.1850049007113989 | 0.0 | | 9 | `idx45_hand_l_pinky_pip_joint` | 0.0 | 1.4835298641951802 | **右手关节限位值**： | 关节索引 | 关节名称 | 最小值 | 最大值 | | :--- | :--- | :--- | :--- | | 0 | `idx71_hand_r_thumb_roll_joint` | -0.029670597283903602 | 1.1213740444063567 | | 1 | `idx72_hand_r_thumb_abad_joint` | -1.642354826126664 | 0.04537856055185257 | | 2 | `idx73_hand_r_thumb_mcp_joint` | 0.0 | 0.8415977653116657 | | 3 | `idx76_hand_r_index_abad_joint` | -0.16406094968746698 | 0.0 | | 4 | `idx77_hand_r_index_pip_joint` | 0.0 | 1.4835298641951802 | | 5 | `idx79_hand_r_middle_pip_joint` | 0.0 | 1.4835298641951802 | | 6 | `idx81_hand_r_ring_abad_joint` | 0.0 | 0.16929693744344995 | | 7 | `idx82_hand_r_ring_pip_joint` | 0.0 | 1.4835298641951802 | | 8 | `idx84_hand_r_pinky_abad_joint` | 0.0 | 0.1850049007113989 | | 9 | `idx85_hand_r_pinky_pip_joint` | 0.0 | 1.4835298641951802 | **典型状态值**： - **左手开**：`[0.0, 0.0, 0.0, 0.0, 0.0, 0.0, 0.0, 0.0, 0.0, 0.0]` - **左手握**：`[-0.2, 1.45, -0.75, 0.0, 1.0, 1.0, 0.0, 1.0, 0.0, 1.0]` - **右手开**：`[0.0, 0.0, 0.0, 0.0, 0.0, 0.0, 0.0, 0.0, 0.0, 0.0]` - **右手握**：`[0.2, -1.45, 0.75, 0.0, 1.0, 1.0, 0.0, 1.0, 0.0, 1.0]` - **o12_t2**：各关节位置取值范围如下（单位：弧度） **左手关节限位值**： | 关节索引 | 关节名称 | 最小值 | 最大值 | | :--- | :--- | :--- | :--- | | 0 | `idx31_hand_l_thumb_roll_joint` | -0.9425 | 0.0 | | 1 | `idx32_hand_l_thumb_abad_joint` | 0.0 | 1.3875 | | 2 | `idx33_hand_l_thumb_mcp_joint` | -0.8273 | 0.0 | | 3 | `idx34_hand_l_thumb_pip_joint` | -1.2915 | 0.0 | | 4 | `idx36_hand_l_index_abad_joint` | -0.2618 | 0.2618 | | 5 | `idx37_hand_l_index_mcp_joint` | 0.0 | 1.3526 | | 6 | `idx38_hand_l_index_pip_joint` | 0.0 | 1.5307 | | 7 | `idx40_hand_l_middle_abad_joint` | -0.2618 | 0.2618 | | 8 | `idx41_hand_l_middle_mcp_joint` | 0.0 | 1.3579 | | 9 | `idx42_hand_l_middle_pip_joint` | 0.0 | 1.8151 | | 10 | `idx44_hand_l_ring_mcp_joint` | 0.0 | 1.5359 | | 11 | `idx47_hand_l_pinky_mcp_joint` | 0.0 | 1.5359 | **右手关节限位值**： | 关节索引 | 关节名称 | 最小值 | 最大值 | | :--- | :--- | :--- | :--- | | 0 | `idx71_hand_r_thumb_roll_joint` | 0.0 | 0.9425 | | 1 | `idx72_hand_r_thumb_abad_joint` | -1.3875 | 0.0 | | 2 | `idx73_hand_r_thumb_mcp_joint` | -0.8273 | 0.0 | | 3 | `idx74_hand_r_thumb_pip_joint` | -1.2915 | 0.0 | | 4 | `idx76_hand_r_index_abad_joint` | -0.2618 | 0.2618 | | 5 | `idx77_hand_r_index_mcp_joint` | 0.0 | 1.3526 | | 6 | `idx78_hand_r_index_pip_joint` | 0.0 | 1.5307 | | 7 | `idx80_hand_r_middle_abad_joint` | -0.2618 | 0.2618 | | 8 | `idx81_hand_r_middle_mcp_joint` | 0.0 | 1.3579 | | 9 | `idx82_hand_r_middle_pip_joint` | 0.0 | 1.8151 | | 10 | `idx84_hand_r_ring_mcp_joint` | 0.0 | 1.5359 | | 11 | `idx87_hand_r_pinky_mcp_joint` | 0.0 | 1.5359 | **典型状态值**： - **左手开**：`[-0.53, 0.42, 0.0, 0.0, 0.0, 0.0, 0.0, 0.0, 0.0, 0.0, 0.0, 0.0]` - **左手握**：`[-0.77, 0.5, -0.4, -0.36, -0.12, 0.69, 0.46, 0.0, 0.72, 0.5, 0.63, 0.63]` - **右手开**：`[0.53, -0.42, 0.0, 0.0, 0.0, 0.0, 0.0, 0.0, 0.0, 0.0, 0.0, 0.0]` - **右手握**：`[0.77, -0.5, -0.4, -0.36, 0.12, 0.69, 0.46, 0.0, 0.72, 0.5, 0.63, 0.63]` **JointState对象结构**： | 属性名 | 类型 | 描述 | 单位 | | :--- | :--- | :--- | :--- | | `position` | `float` | 关节位置（必需） | 开合度 | **参数说明**： - `group` 必须为 ""left_tool""（左末端执行器）、""right_tool""（右末端执行器）或 ""dual_tool""（双末端执行器） - 当 `group` 为 ""left_tool"" 或 ""right_tool"" 时，`states` 列表的长度必须与 `target_type` 对应的关节数量要求完全匹配 - 当 `group` 为 ""dual_tool"" 时，`states` 列表的长度必须为 `target_type` 对应的关节数量要求的 2 倍（前半部分用于左末端执行器，后半部分用于右末端执行器） - `target_type` 必须为上述支持的值之一，其他值将返回错误 - `states` 是一个 `JointState` 对象列表，每个 `JointState` 只需要设置 `position` 字段 - `nums` 必须等于 `len(states)`",`int`，0表示成功，失败时抛出异常,method,https://support.agibot.com/?gdk_version=2.6.3#contents/reference/Python/robot.md
contents/reference/Python/robot.md,Python,Robot,end_effector_pose_control,end_effector_pose_control() [heading; full declaration NOT DOCUMENTED; SDK UNVERIFIED],末端执行器位姿控制,NO,DOCUMENTED_PARAMETERS; SDK_UNVERIFIED,2121,`EndEffectorPose`对象，包含以下属性： | 属性名 | 类型 | 描述 | 单位 | | :--- | :--- | :--- | :--- | | `life_time` | `float` | 生命周期 | 秒 | | `group` | `int` | 控制组 | 整数 | | `left_end_effector_pose` | `Pose` | 左末端执行器位姿（base_link坐标系下） | 位姿 | | `right_end_effector_pose` | `Pose` | 右末端执行器位姿（base_link坐标系下）| 位姿 |,`int`，0表示成功，失败时抛出异常,method,https://support.agibot.com/?gdk_version=2.6.3#contents/reference/Python/robot.md
contents/reference/Python/imu.md,Python,Imu,get_latest_imu,get_latest_imu() [heading; full declaration NOT DOCUMENTED; SDK UNVERIFIED],获取最新的IMU数据,NO,DOCUMENTED_PARAMETERS; SDK_UNVERIFIED,13,| 参数名 | 类型 | 描述 | | :--- | :--- | :--- | | `type` | `ImuType` | IMU类型枚举值 | | `timeout` | `float` | 超时时间（毫秒） |,`ImuData`对象，包含以下属性：,method,https://support.agibot.com/?gdk_version=2.6.3#contents/reference/Python/imu.md
contents/reference/Python/imu.md,Python,Imu,get_nearest_imu,get_nearest_imu() [heading; full declaration NOT DOCUMENTED; SDK UNVERIFIED],获取指定时间戳附近最近的IMU数据,NO,DOCUMENTED_PARAMETERS; SDK_UNVERIFIED,96,| 参数名 | 类型 | 描述 | | :--- | :--- | :--- | | `type` | `ImuType` | IMU类型枚举值 | | `timestamp` | `int` | 目标时间戳（纳秒） | | `timeout` | `float` | 超时时间（毫秒） |,`ImuData`对象，结构与`get_latest_imu()`相同,method,https://support.agibot.com/?gdk_version=2.6.3#contents/reference/Python/imu.md
contents/reference/Python/imu.md,Python,Imu,get_imu_fps,get_imu_fps() [heading; full declaration NOT DOCUMENTED; SDK UNVERIFIED],获取IMU数据采集帧率,NO,DOCUMENTED_NOT_IMPLEMENTED; SDK_UNVERIFIED,153,| 参数名 | 类型 | 描述 | | :--- | :--- | :--- | | `type` | `ImuType` | IMU类型枚举值 |,`int`，IMU帧率（FPS）,method,https://support.agibot.com/?gdk_version=2.6.3#contents/reference/Python/imu.md
contents/reference/Python/imu.md,Python,Imu,get_imu_latency,get_imu_latency() [heading; full declaration NOT DOCUMENTED; SDK UNVERIFIED],获取IMU数据延迟统计信息,NO,DOCUMENTED_NOT_IMPLEMENTED; SDK_UNVERIFIED,196,| 参数名 | 类型 | 描述 | | :--- | :--- | :--- | | `type` | `ImuType` | IMU类型枚举值 | | `window_seconds` | `float` | 统计窗口时间（秒） |,`LatencyStats`对象，包含以下属性：,method,https://support.agibot.com/?gdk_version=2.6.3#contents/reference/Python/imu.md
contents/reference/Python/imu.md,Python,Imu,close_imu,close_imu() [heading; full declaration NOT DOCUMENTED; SDK UNVERIFIED],关闭IMU连接,NO,DOCUMENTED_PARAMETERS; SDK_UNVERIFIED,255,无,`GDKRes`，操作结果状态码,method,https://support.agibot.com/?gdk_version=2.6.3#contents/reference/Python/imu.md
contents/reference/Python/camera.md,Python,Camera,get_latest_image,get_latest_image() [heading; full declaration NOT DOCUMENTED; SDK UNVERIFIED],获取最新的图像数据,NO,DOCUMENTED_PARAMETERS; SDK_UNVERIFIED,13,| 参数名 | 类型 | 描述 | | :--- | :--- | :--- | | `type` | `CameraType` | 相机类型枚举值 | | `timeout` | `float` | 超时时间（毫秒） |,`Image`对象，包含以下属性：,method,https://support.agibot.com/?gdk_version=2.6.3#contents/reference/Python/camera.md
contents/reference/Python/camera.md,Python,Camera,get_nearest_image,get_nearest_image() [heading; full declaration NOT DOCUMENTED; SDK UNVERIFIED],获取指定时间戳附近最近的图像数据,NO,DOCUMENTED_PARAMETERS; SDK_UNVERIFIED,130,| 参数名 | 类型 | 描述 | | :--- | :--- | :--- | | `type` | `CameraType` | 相机类型枚举值 | | `timestamp` | `int` | 目标时间戳（纳秒） | | `timeout` | `float` | 超时时间（毫秒） |,`Image`对象，结构与`get_latest_image()`相同,method,https://support.agibot.com/?gdk_version=2.6.3#contents/reference/Python/camera.md
contents/reference/Python/camera.md,Python,Camera,get_image_shape,get_image_shape() [heading; full declaration NOT DOCUMENTED; SDK UNVERIFIED],获取图像数据大小,NO,DOCUMENTED_PARAMETERS; SDK_UNVERIFIED,188,| 参数名 | 类型 | 描述 | | :--- | :--- | :--- | | `type` | `CameraType` | 相机类型枚举值 |,"`tuple`，包含图像宽度和高度的元组 `(width, height)`",method,https://support.agibot.com/?gdk_version=2.6.3#contents/reference/Python/camera.md
contents/reference/Python/camera.md,Python,Camera,get_image_fps,get_image_fps() [heading; full declaration NOT DOCUMENTED; SDK UNVERIFIED],获取图像捕获帧率,NO,DOCUMENTED_PARAMETERS; SDK_UNVERIFIED,225,| 参数名 | 类型 | 描述 | | :--- | :--- | :--- | | `type` | `CameraType` | 相机类型枚举值 |,`float`，图像帧率（FPS）,method,https://support.agibot.com/?gdk_version=2.6.3#contents/reference/Python/camera.md
contents/reference/Python/camera.md,Python,Camera,get_image_latency,get_image_latency() [heading; full declaration NOT DOCUMENTED; SDK UNVERIFIED],获取图像延迟统计信息,NO,DOCUMENTED_PARAMETERS; SDK_UNVERIFIED,262,| 参数名 | 类型 | 描述 | | :--- | :--- | :--- | | `type` | `CameraType` | 相机类型枚举值 | | `window_seconds` | `float` | 统计窗口时间（秒） |,`LatencyStats`对象，包含延迟统计信息,method,https://support.agibot.com/?gdk_version=2.6.3#contents/reference/Python/camera.md
contents/reference/Python/camera.md,Python,Camera,get_camera_intrinsic,get_camera_intrinsic() [heading; full declaration NOT DOCUMENTED; SDK UNVERIFIED],获取相机内参信息,NO,DOCUMENTED_PARAMETERS; SDK_UNVERIFIED,302,| 参数名 | 类型 | 描述 | | :--- | :--- | :--- | | `type` | `CameraType` | 相机类型枚举值 |,`CameraIntrinsic`对象，包含相机内参信息,method,https://support.agibot.com/?gdk_version=2.6.3#contents/reference/Python/camera.md
contents/reference/Python/camera.md,Python,Camera,set_dev_camera_config,set_dev_camera_config() [heading; full declaration NOT DOCUMENTED; SDK UNVERIFIED],设置相机开发配置,NO,DOCUMENTED_PARAMETERS; SDK_UNVERIFIED,366,| 参数名 | 类型 | 描述 | | :--- | :--- | :--- | | `cam_conf_path` | `str` | 相机配置文件路径 |,无。成功时不返回，失败时抛出`std::runtime_error`异常,method,https://support.agibot.com/?gdk_version=2.6.3#contents/reference/Python/camera.md
contents/reference/Python/camera.md,Python,Camera,close_camera,close_camera() [heading; full declaration NOT DOCUMENTED; SDK UNVERIFIED],关闭相机连接,NO,DOCUMENTED_PARAMETERS; SDK_UNVERIFIED,490,无,`GDKRes`，操作结果状态码,method,https://support.agibot.com/?gdk_version=2.6.3#contents/reference/Python/camera.md
contents/reference/Python/lidar.md,Python,Lidar,get_latest_pointcloud,get_latest_pointcloud() [heading; full declaration NOT DOCUMENTED; SDK UNVERIFIED],获取最新的点云数据,NO,DOCUMENTED_PARAMETERS; SDK_UNVERIFIED,13,| 参数名 | 类型 | 描述 | | :--- | :--- | :--- | | `type` | `LidarType` | 雷达类型枚举值 | | `timeout` | `float` | 超时时间（毫秒） |,`PointCloud`对象，包含以下属性：,method,https://support.agibot.com/?gdk_version=2.6.3#contents/reference/Python/lidar.md
contents/reference/Python/lidar.md,Python,Lidar,get_nearest_pointcloud,get_nearest_pointcloud() [heading; full declaration NOT DOCUMENTED; SDK UNVERIFIED],获取指定时间戳附近最近的点云数据,NO,DOCUMENTED_PARAMETERS; SDK_UNVERIFIED,103,| 参数名 | 类型 | 描述 | | :--- | :--- | :--- | | `type` | `LidarType` | 雷达类型枚举值 | | `timestamp` | `int` | 目标时间戳（纳秒） | | `timeout` | `float` | 超时时间（毫秒） |,`PointCloud`对象，结构与`get_latest_pointcloud()`相同,method,https://support.agibot.com/?gdk_version=2.6.3#contents/reference/Python/lidar.md
contents/reference/Python/lidar.md,Python,Lidar,get_lidar_fps,get_lidar_fps() [heading; full declaration NOT DOCUMENTED; SDK UNVERIFIED],获取激光雷达数据采集帧率,NO,DOCUMENTED_NOT_IMPLEMENTED; SDK_UNVERIFIED,163,| 参数名 | 类型 | 描述 | | :--- | :--- | :--- | | `type` | `LidarType` | 雷达类型枚举值 |,`float`，激光雷达帧率（FPS）,method,https://support.agibot.com/?gdk_version=2.6.3#contents/reference/Python/lidar.md
contents/reference/Python/lidar.md,Python,Lidar,get_lidar_latency,get_lidar_latency() [heading; full declaration NOT DOCUMENTED; SDK UNVERIFIED],获取激光雷达数据延迟统计信息,NO,DOCUMENTED_NOT_IMPLEMENTED; SDK_UNVERIFIED,207,| 参数名 | 类型 | 描述 | | :--- | :--- | :--- | | `type` | `LidarType` | 雷达类型枚举值 | | `window_seconds` | `float` | 统计窗口时间（秒） |,`LatencyStats`对象，包含以下属性：,method,https://support.agibot.com/?gdk_version=2.6.3#contents/reference/Python/lidar.md
contents/reference/Python/lidar.md,Python,Lidar,close_lidar,close_lidar() [heading; full declaration NOT DOCUMENTED; SDK UNVERIFIED],关闭激光雷达连接,NO,DOCUMENTED_PARAMETERS; SDK_UNVERIFIED,266,无,`GDKRes`，操作结果状态码,method,https://support.agibot.com/?gdk_version=2.6.3#contents/reference/Python/lidar.md
contents/reference/Python/pnc.md,Python,Pnc,get_task_state,get_task_state() [heading; full declaration NOT DOCUMENTED; SDK UNVERIFIED],获取当前任务状态,NO,DOCUMENTED_PARAMETERS; SDK_UNVERIFIED,13,无,`PNCTaskState`对象，包含以下属性：,method,https://support.agibot.com/?gdk_version=2.6.3#contents/reference/Python/pnc.md
contents/reference/Python/pnc.md,Python,Pnc,normal_navi,normal_navi() [heading; full declaration NOT DOCUMENTED; SDK UNVERIFIED],"执行正常导航到指定目标点, 执行之前需要在G02 Pad上进行重定位",NO,DOCUMENTED_PARAMETERS; SDK_UNVERIFIED,72,`NaviReq`对象(map坐标系下)，包含以下属性： | 属性名 | 类型 | 描述 | 单位 | | :--- | :--- | :--- | :--- | | `target.position.x` | `float` | 目标位置X坐标 | 米 | | `target.position.y` | `float` | 目标位置Y坐标 | 米 | | `target.position.z` | `float` | 目标位置Z坐标 | 米 | | `target.orientation.x` | `float` | 目标方向四元数X分量 | 无单位 | | `target.orientation.y` | `float` | 目标方向四元数Y分量 | 无单位 | | `target.orientation.z` | `float` | 目标方向四元数Z分量 | 无单位 | | `target.orientation.w` | `float` | 目标方向四元数W分量 | 无单位 |,无，失败时抛出异常,method,https://support.agibot.com/?gdk_version=2.6.3#contents/reference/Python/pnc.md
contents/reference/Python/pnc.md,Python,Pnc,high_precision_navi,high_precision_navi() [heading; full declaration NOT DOCUMENTED; SDK UNVERIFIED],"执行高精度导航到指定目标点, 执行之前需要在G02 Pad上进行重定位",NO,DOCUMENTED_NOT_RELEASED; SDK_UNVERIFIED,128,`NaviReq`对象(map坐标系下),无，失败时抛出异常,method,https://support.agibot.com/?gdk_version=2.6.3#contents/reference/Python/pnc.md
contents/reference/Python/pnc.md,Python,Pnc,relative_move,relative_move() [heading; full declaration NOT DOCUMENTED; SDK UNVERIFIED],"执行小范围平移, 简单停障，无避障，执行之前需要在G02 Pad上进行重定位",NO,DOCUMENTED_PARAMETERS; SDK_UNVERIFIED,173,`NaviReq`对象(base_link坐标系下),无，失败时抛出异常,method,https://support.agibot.com/?gdk_version=2.6.3#contents/reference/Python/pnc.md
contents/reference/Python/pnc.md,Python,Pnc,cancel_task,cancel_task() [heading; full declaration NOT DOCUMENTED; SDK UNVERIFIED],取消指定ID的导航任务,NO,DOCUMENTED_PARAMETERS; SDK_UNVERIFIED,218,| 参数名 | 类型 | 描述 | | :--- | :--- | :--- | | `task_id` | `int` | 要取消的任务ID |,无，失败时抛出异常,method,https://support.agibot.com/?gdk_version=2.6.3#contents/reference/Python/pnc.md
contents/reference/Python/pnc.md,Python,Pnc,pause_task,pause_task() [heading; full declaration NOT DOCUMENTED; SDK UNVERIFIED],暂停指定ID的导航任务,NO,DOCUMENTED_PARAMETERS; SDK_UNVERIFIED,262,| 参数名 | 类型 | 描述 | | :--- | :--- | :--- | | `task_id` | `int` | 要暂停的任务ID |,无，失败时抛出异常,method,https://support.agibot.com/?gdk_version=2.6.3#contents/reference/Python/pnc.md
contents/reference/Python/pnc.md,Python,Pnc,resume_task,resume_task() [heading; full declaration NOT DOCUMENTED; SDK UNVERIFIED],恢复指定ID的导航任务,NO,DOCUMENTED_PARAMETERS; SDK_UNVERIFIED,306,| 参数名 | 类型 | 描述 | | :--- | :--- | :--- | | `task_id` | `int` | 要恢复的任务ID |,无，失败时抛出异常,method,https://support.agibot.com/?gdk_version=2.6.3#contents/reference/Python/pnc.md
contents/reference/Python/pnc.md,Python,Pnc,request_chassis_control,request_chassis_control() [heading; full declaration NOT DOCUMENTED; SDK UNVERIFIED],请求底盘控制权限，用于远程控制模式,NO,DOCUMENTED_PARAMETERS; SDK_UNVERIFIED,350,| 参数名 | 类型 | 描述 | | :--- | :--- | :--- | | `control_mode` | `int` | 控制模式：0=阿克曼模式，1=蟹行模式 |,无，失败时抛出异常,method,https://support.agibot.com/?gdk_version=2.6.3#contents/reference/Python/pnc.md
contents/reference/Python/pnc.md,Python,Pnc,move_chassis,move_chassis() [heading; full declaration NOT DOCUMENTED; SDK UNVERIFIED],移动底盘，用于远程控制模式下的底盘运动控制,NO,DOCUMENTED_PARAMETERS; SDK_UNVERIFIED,390,| 参数名 | 类型 | 描述 | | :--- | :--- | :--- | | `twist` | `Twist` | 速度指令对象，包含线速度和角速度 |,无，失败时抛出异常,method,https://support.agibot.com/?gdk_version=2.6.3#contents/reference/Python/pnc.md
contents/reference/Python/slam.md,Python,Slam,get_slam_state,get_slam_state() [heading; full declaration NOT DOCUMENTED; SDK UNVERIFIED],获取SLAM系统当前状态,NO,DOCUMENTED_PARAMETERS; SDK_UNVERIFIED,13,无,`int`，SLAM状态码，失败时抛出异常（1：开始建图 2：停止建图 0：取消建图）,method,https://support.agibot.com/?gdk_version=2.6.3#contents/reference/Python/slam.md
contents/reference/Python/slam.md,Python,Slam,start_mapping,start_mapping() [heading; full declaration NOT DOCUMENTED; SDK UNVERIFIED],开始建图,NO,DOCUMENTED_PARAMETERS; SDK_UNVERIFIED,45,无,无，失败时抛出异常,method,https://support.agibot.com/?gdk_version=2.6.3#contents/reference/Python/slam.md
contents/reference/Python/slam.md,Python,Slam,stop_mapping,stop_mapping() [heading; full declaration NOT DOCUMENTED; SDK UNVERIFIED],停止且保存建图,NO,DOCUMENTED_PARAMETERS; SDK_UNVERIFIED,85,无,无，失败时抛出异常,method,https://support.agibot.com/?gdk_version=2.6.3#contents/reference/Python/slam.md
contents/reference/Python/slam.md,Python,Slam,cancel_mapping,cancel_mapping() [heading; full declaration NOT DOCUMENTED; SDK UNVERIFIED],取消建图,NO,DOCUMENTED_PARAMETERS; SDK_UNVERIFIED,125,无,无，失败时抛出异常,method,https://support.agibot.com/?gdk_version=2.6.3#contents/reference/Python/slam.md
contents/reference/Python/slam.md,Python,Slam,get_odom_info,get_odom_info() [heading; full declaration NOT DOCUMENTED; SDK UNVERIFIED],获取里程计信息,NO,DOCUMENTED_PARAMETERS; SDK_UNVERIFIED,165,无,`OdomInfo`对象，包含以下属性：,method,https://support.agibot.com/?gdk_version=2.6.3#contents/reference/Python/slam.md
contents/reference/Python/slam.md,Python,Slam,record_spec_loc,record_spec_loc() [heading; full declaration NOT DOCUMENTED; SDK UNVERIFIED],记录当前位置为充电点位置,NO,DOCUMENTED_NOT_RELEASED; SDK_UNVERIFIED,229,无,无，失败时抛出异常,method,https://support.agibot.com/?gdk_version=2.6.3#contents/reference/Python/slam.md
contents/reference/Python/slam.md,Python,Slam,get_curr_pose,get_curr_pose() [heading; full declaration NOT DOCUMENTED; SDK UNVERIFIED],获取当前位姿,NO,DOCUMENTED_PARAMETERS; SDK_UNVERIFIED,264,无,`Pose`对象，包含以下属性：,method,https://support.agibot.com/?gdk_version=2.6.3#contents/reference/Python/slam.md
contents/reference/Python/map.md,Python,Map,get_curr_map,get_curr_map() [heading; full declaration NOT DOCUMENTED; SDK UNVERIFIED],获取当前使用的地图信息,NO,DOCUMENTED_PARAMETERS; SDK_UNVERIFIED,13,无,`MapName`对象，包含以下属性：,method,https://support.agibot.com/?gdk_version=2.6.3#contents/reference/Python/map.md
contents/reference/Python/map.md,Python,Map,get_all_map,get_all_map() [heading; full declaration NOT DOCUMENTED; SDK UNVERIFIED],获取所有可用地图列表,NO,DOCUMENTED_PARAMETERS; SDK_UNVERIFIED,55,无,`list[MapName]`，地图名称列表,method,https://support.agibot.com/?gdk_version=2.6.3#contents/reference/Python/map.md
contents/reference/Python/map.md,Python,Map,switch_map,switch_map() [heading; full declaration NOT DOCUMENTED; SDK UNVERIFIED],切换到指定地图,NO,DOCUMENTED_PARAMETERS; SDK_UNVERIFIED,94,| 参数名 | 类型 | 描述 | | :--- | :--- | :--- | | `map_id` | `int` | 目标地图ID |,无（成功时无返回值，失败时抛出异常）,method,https://support.agibot.com/?gdk_version=2.6.3#contents/reference/Python/map.md
contents/reference/Python/map.md,Python,Map,remove_map,remove_map() [heading; full declaration NOT DOCUMENTED; SDK UNVERIFIED],删除指定地图,NO,DOCUMENTED_PARAMETERS; SDK_UNVERIFIED,139,| 参数名 | 类型 | 描述 | | :--- | :--- | :--- | | `map_id` | `int` | 要删除的地图ID |,无（成功时无返回值，失败时抛出异常）,method,https://support.agibot.com/?gdk_version=2.6.3#contents/reference/Python/map.md
contents/reference/Python/interaction.md,Python,Interaction,set_language,set_language(language) [heading; full declaration NOT DOCUMENTED; SDK UNVERIFIED],设置语音语言,NO,DOCUMENTED_PARAMETERS; SDK_UNVERIFIED,17,| 参数名 | 类型 | 描述 | | :--- | :--- | :--- | | `language` | `Language` | 语言类型，`Language.kLanguageChinese` 表示中文，`Language.kLanguageEnglish` 表示英文 |,无，失败时抛出异常,method,https://support.agibot.com/?gdk_version=2.6.3#contents/reference/Python/interaction.md
contents/reference/Python/interaction.md,Python,Interaction,set_call_mode,set_call_mode(is_on) [heading; full declaration NOT DOCUMENTED; SDK UNVERIFIED],设置通话模式,NO,DOCUMENTED_PARAMETERS; SDK_UNVERIFIED,64,| 参数名 | 类型 | 描述 | | :--- | :--- | :--- | | `is_on` | `bool` | `True` 表示开启通话模式，`False` 表示关闭通话模式 |,无，失败时抛出异常,method,https://support.agibot.com/?gdk_version=2.6.3#contents/reference/Python/interaction.md
contents/reference/Python/interaction.md,Python,Interaction,set_volume,set_volume(volume) [heading; full declaration NOT DOCUMENTED; SDK UNVERIFIED],设置音量,NO,DOCUMENTED_PARAMETERS; SDK_UNVERIFIED,110,| 参数名 | 类型 | 描述 | | :--- | :--- | :--- | | `volume` | `int` | 音量值，范围通常为0-100 |,无，失败时抛出异常,method,https://support.agibot.com/?gdk_version=2.6.3#contents/reference/Python/interaction.md
contents/reference/Python/interaction.md,Python,Interaction,set_wakeup_switch,set_wakeup_switch(is_on) [heading; full declaration NOT DOCUMENTED; SDK UNVERIFIED],设置唤醒开关,NO,DOCUMENTED_PARAMETERS; SDK_UNVERIFIED,144,| 参数名 | 类型 | 描述 | | :--- | :--- | :--- | | `is_on` | `bool` | `True` 表示开启唤醒，`False` 表示关闭唤醒 |,无，失败时抛出异常,method,https://support.agibot.com/?gdk_version=2.6.3#contents/reference/Python/interaction.md
contents/reference/Python/interaction.md,Python,Interaction,set_audio_switch,set_audio_switch(is_on) [heading; full declaration NOT DOCUMENTED; SDK UNVERIFIED],设置音频开关,NO,DOCUMENTED_PARAMETERS; SDK_UNVERIFIED,178,| 参数名 | 类型 | 描述 | | :--- | :--- | :--- | | `is_on` | `bool` | `True` 表示开启音频，`False` 表示关闭音频 |,无，失败时抛出异常,method,https://support.agibot.com/?gdk_version=2.6.3#contents/reference/Python/interaction.md
contents/reference/Python/interaction.md,Python,Interaction,set_display_switch,set_display_switch(is_on) [heading; full declaration NOT DOCUMENTED; SDK UNVERIFIED],设置显示开关,NO,DOCUMENTED_PARAMETERS; SDK_UNVERIFIED,212,| 参数名 | 类型 | 描述 | | :--- | :--- | :--- | | `is_on` | `bool` | `True` 表示开启显示，`False` 表示关闭显示 |,无，失败时抛出异常,method,https://support.agibot.com/?gdk_version=2.6.3#contents/reference/Python/interaction.md
contents/reference/Python/interaction.md,Python,Interaction,play_tts,play_tts(text) [heading; full declaration NOT DOCUMENTED; SDK UNVERIFIED],播放TTS（文本转语音）,NO,DOCUMENTED_PARAMETERS; SDK_UNVERIFIED,246,| 参数名 | 类型 | 描述 | | :--- | :--- | :--- | | `text` | `str` | 要播放的文本内容 |,无，失败时抛出异常,method,https://support.agibot.com/?gdk_version=2.6.3#contents/reference/Python/interaction.md
contents/reference/Python/interaction.md,Python,Interaction,play_audio,play_audio(audio_path) [heading; full declaration NOT DOCUMENTED; SDK UNVERIFIED],播放音频文件,NO,DOCUMENTED_PARAMETERS; SDK_UNVERIFIED,281,| 参数名 | 类型 | 描述 | | :--- | :--- | :--- | | `audio_path` | `str` | 音频文件路径 |,无，失败时抛出异常,method,https://support.agibot.com/?gdk_version=2.6.3#contents/reference/Python/interaction.md
contents/reference/Python/interaction.md,Python,Interaction,play_video,"play_video(video_path, loop_count) [heading; full declaration NOT DOCUMENTED; SDK UNVERIFIED]",播放视频文件,NO,DOCUMENTED_PARAMETERS; SDK_UNVERIFIED,316,| 参数名 | 类型 | 描述 | | :--- | :--- | :--- | | `video_path` | `str` | 视频文件路径 | | `loop_count` | `int` | 循环播放次数，-1表示无限循环 |,无，失败时抛出异常,method,https://support.agibot.com/?gdk_version=2.6.3#contents/reference/Python/interaction.md
contents/reference/Python/interaction.md,Python,Interaction,get_func_status,get_func_status() [heading; full declaration NOT DOCUMENTED; SDK UNVERIFIED],获取语音功能状态,NO,DOCUMENTED_PARAMETERS; SDK_UNVERIFIED,359,无,`VoiceFuncStatus` 对象，包含以下属性：,method,https://support.agibot.com/?gdk_version=2.6.3#contents/reference/Python/interaction.md
contents/reference/Python/interaction.md,Python,Interaction,get_asr_text,get_asr_text() [heading; full declaration NOT DOCUMENTED; SDK UNVERIFIED],获取ASR（自动语音识别）文本,NO,DOCUMENTED_PARAMETERS; SDK_UNVERIFIED,422,无,`str`，识别到的文本内容，失败时抛出异常,method,https://support.agibot.com/?gdk_version=2.6.3#contents/reference/Python/interaction.md
contents/reference/Python/interaction.md,Python,Interaction,register_callback,"register_callback(type, callback) [heading; full declaration NOT DOCUMENTED; SDK UNVERIFIED]",注册回调函数,NO,DOCUMENTED_PARAMETERS; SDK_UNVERIFIED,451,| 参数名 | 类型 | 描述 | | :--- | :--- | :--- | | `type` | `str` | 回调类型 | | `callback` | `function` | 回调函数 |,无，失败时抛出异常,method,https://support.agibot.com/?gdk_version=2.6.3#contents/reference/Python/interaction.md
contents/reference/Python/interaction.md,Python,Interaction,unregister_callback,unregister_callback(type) [heading; full declaration NOT DOCUMENTED; SDK UNVERIFIED],注销回调函数,NO,DOCUMENTED_PARAMETERS; SDK_UNVERIFIED,467,| 参数名 | 类型 | 描述 | | :--- | :--- | :--- | | `type` | `str` | 回调类型 |,无，失败时抛出异常,method,https://support.agibot.com/?gdk_version=2.6.3#contents/reference/Python/interaction.md
contents/reference/Python/uss.md,Python,UltrasonicRadar,get_latest_ultrasonic_radar,get_latest_ultrasonic_radar() [heading; full declaration NOT DOCUMENTED; SDK UNVERIFIED],获取最新的超声波雷达数据,NO,DOCUMENTED_PARAMETERS; SDK_UNVERIFIED,13,无,`dict`，包含超声波雷达数据的字典，失败时抛出异常,method,https://support.agibot.com/?gdk_version=2.6.3#contents/reference/Python/uss.md
contents/reference/Python/uss.md,Python,UltrasonicRadar,get_nearest_ultrasonic_radar,get_nearest_ultrasonic_radar() [heading; full declaration NOT DOCUMENTED; SDK UNVERIFIED],获取指定时间戳附近最近的超声波雷达数据,NO,DOCUMENTED_PARAMETERS; SDK_UNVERIFIED,67,| 参数名 | 类型 | 描述 | | :--- | :--- | :--- | | `timestamp_ns` | `int` | 目标时间戳（纳秒） |,`dict`，包含超声波雷达数据的字典，失败时抛出异常,method,https://support.agibot.com/?gdk_version=2.6.3#contents/reference/Python/uss.md
contents/reference/Python/uss.md,Python,UltrasonicRadar,get_ultrasonic_radar_fps,get_ultrasonic_radar_fps() [heading; full declaration NOT DOCUMENTED; SDK UNVERIFIED],获取超声波雷达数据采集帧率,NO,DOCUMENTED_PARAMETERS; SDK_UNVERIFIED,134,无,`float`，超声波雷达帧率（FPS），失败时抛出异常,method,https://support.agibot.com/?gdk_version=2.6.3#contents/reference/Python/uss.md
contents/reference/Python/uss.md,Python,UltrasonicRadar,get_ultrasonic_radar_latency,get_ultrasonic_radar_latency() [heading; full declaration NOT DOCUMENTED; SDK UNVERIFIED],获取超声波雷达数据延迟统计信息,NO,DOCUMENTED_PARAMETERS; SDK_UNVERIFIED,166,| 参数名 | 类型 | 描述 | | :--- | :--- | :--- | | `window_seconds` | `float` | 统计窗口时间（秒），默认10.0秒 |,`LatencyStats`对象，包含延迟统计信息，失败时抛出异常,method,https://support.agibot.com/?gdk_version=2.6.3#contents/reference/Python/uss.md
contents/reference/Python/uss.md,Python,UltrasonicRadar,close_ultrasonic_radar,close_ultrasonic_radar() [heading; full declaration NOT DOCUMENTED; SDK UNVERIFIED],关闭超声波雷达DDS连接,NO,DOCUMENTED_PARAMETERS; SDK_UNVERIFIED,222,无,`GDKRes`，操作结果状态码。成功时返回`GDKRes.kSuccess`,method,https://support.agibot.com/?gdk_version=2.6.3#contents/reference/Python/uss.md
contents/reference/cpp/common.md,C++,Global,GDKInit,GDKInit() [heading; full declaration NOT DOCUMENTED; SDK UNVERIFIED],初始化GDK系统,NO; CANDIDATE_ONLY,DOCUMENTED_PARAMETERS; SDK_UNVERIFIED,11,无,`GDKRes`，操作结果状态码,method,https://support.agibot.com/?gdk_version=2.6.3#contents/reference/cpp/common.md
contents/reference/cpp/common.md,C++,Global,GDKRelease,GDKRelease() [heading; full declaration NOT DOCUMENTED; SDK UNVERIFIED],释放GDK系统资源,NO; CANDIDATE_ONLY,DOCUMENTED_PARAMETERS; SDK_UNVERIFIED,47,无,`GDKRes`，操作结果状态码,method,https://support.agibot.com/?gdk_version=2.6.3#contents/reference/cpp/common.md
contents/reference/cpp/imu.md,C++,Imu,GetLatestImu,GetLatestImu() [heading; full declaration NOT DOCUMENTED; SDK UNVERIFIED],获取最新的IMU数据,NO,DOCUMENTED_PARAMETERS; SDK_UNVERIFIED,13,| 参数名 | 类型 | 描述 | | :--- | :--- | :--- | | `imu_type` | `const ImuType&` | IMU类型枚举值 | | `timeout_ms` | `const float` | 超时时间（毫秒） | | `imu` | `std::shared_ptr<ImuData>&` | 输出参数，IMU数据指针 |,`GDKRes`，操作结果状态码。成功时返回`GDKRes::kSuccess`，`imu`参数包含IMU数据,method,https://support.agibot.com/?gdk_version=2.6.3#contents/reference/cpp/imu.md
contents/reference/cpp/imu.md,C++,Imu,GetNearestImu,GetNearestImu() [heading; full declaration NOT DOCUMENTED; SDK UNVERIFIED],获取指定时间戳附近最近的IMU数据,NO,DOCUMENTED_PARAMETERS; SDK_UNVERIFIED,115,| 参数名 | 类型 | 描述 | | :--- | :--- | :--- | | `imu_type` | `const ImuType&` | IMU类型枚举值 | | `timestamp_ns` | `const uint64_t` | 目标时间戳（纳秒） | | `timeout_ms` | `const float` | 超时时间（毫秒） | | `imu` | `std::shared_ptr<ImuData>&` | 输出参数，IMU数据指针 |,`GDKRes`，操作结果状态码。成功时返回`GDKRes::kSuccess`，`imu`参数包含IMU数据,method,https://support.agibot.com/?gdk_version=2.6.3#contents/reference/cpp/imu.md
contents/reference/cpp/imu.md,C++,Imu,GetImuFps,GetImuFps() [heading; full declaration NOT DOCUMENTED; SDK UNVERIFIED],获取IMU数据采集帧率,NO,DOCUMENTED_NOT_IMPLEMENTED; SDK_UNVERIFIED,207,| 参数名 | 类型 | 描述 | | :--- | :--- | :--- | | `imu_type` | `const ImuType&` | IMU类型枚举值 | | `fps` | `int&` | 输出参数，IMU帧率（FPS） |,`GDKRes`，操作结果状态码。成功时返回`GDKRes::kSuccess`，`fps`参数包含帧率值,method,https://support.agibot.com/?gdk_version=2.6.3#contents/reference/cpp/imu.md
contents/reference/cpp/imu.md,C++,Imu,GetImuLatency,GetImuLatency() [heading; full declaration NOT DOCUMENTED; SDK UNVERIFIED],获取IMU数据延迟统计信息,NO,DOCUMENTED_NOT_IMPLEMENTED; SDK_UNVERIFIED,258,| 参数名 | 类型 | 描述 | | :--- | :--- | :--- | | `imu_type` | `const ImuType&` | IMU类型枚举值 | | `window_seconds` | `const float` | 统计窗口时间（秒） | | `latency` | `LatencyStats&` | 输出参数，延迟统计信息 |,`GDKRes`，操作结果状态码。成功时返回`GDKRes::kSuccess`，`latency`参数包含延迟统计信息,method,https://support.agibot.com/?gdk_version=2.6.3#contents/reference/cpp/imu.md
contents/reference/cpp/imu.md,C++,Imu,CloseImu,CloseImu() [heading; full declaration NOT DOCUMENTED; SDK UNVERIFIED],关闭IMU DDS连接,NO,DOCUMENTED_PARAMETERS; SDK_UNVERIFIED,336,无,`GDKRes`，操作结果状态码。成功时返回`GDKRes::kSuccess`,method,https://support.agibot.com/?gdk_version=2.6.3#contents/reference/cpp/imu.md
contents/reference/cpp/imu.md,C++,Imu,ImuData,struct ImuData {,Supporting documented type; see complete local source definition,NO,DOCUMENTED_TYPE; SDK_UNVERIFIED,31,See source member definition,N/A,type,https://support.agibot.com/?gdk_version=2.6.3#contents/reference/cpp/imu.md
contents/reference/cpp/imu.md,C++,Imu,Vector3,struct Vector3 {,Supporting documented type; see complete local source definition,NO,DOCUMENTED_TYPE; SDK_UNVERIFIED,52,See source member definition,N/A,type,https://support.agibot.com/?gdk_version=2.6.3#contents/reference/cpp/imu.md
contents/reference/cpp/imu.md,C++,Imu,LatencyStats,struct LatencyStats {,Supporting documented type; see complete local source definition,NO,DOCUMENTED_TYPE; SDK_UNVERIFIED,275,See source member definition,N/A,type,https://support.agibot.com/?gdk_version=2.6.3#contents/reference/cpp/imu.md
contents/reference/cpp/camera.md,C++,Camera,GetLatestImage,GetLatestImage() [heading; full declaration NOT DOCUMENTED; SDK UNVERIFIED],获取最新的图像数据,NO,DOCUMENTED_PARAMETERS; SDK_UNVERIFIED,13,| 参数名 | 类型 | 描述 | | :--- | :--- | :--- | | `camera_type` | `const CameraType&` | 相机类型枚举值 | | `timeout_ms` | `const float` | 超时时间（毫秒） | | `image` | `std::shared_ptr<Image>&` | 输出参数，图像数据指针 |,`GDKRes`，操作结果状态码。成功时返回`GDKRes::kSuccess`，`image`参数包含图像数据,method,https://support.agibot.com/?gdk_version=2.6.3#contents/reference/cpp/camera.md
contents/reference/cpp/camera.md,C++,Camera,GetNearestImage,GetNearestImage() [heading; full declaration NOT DOCUMENTED; SDK UNVERIFIED],获取指定时间戳附近最近的图像数据,NO,DOCUMENTED_PARAMETERS; SDK_UNVERIFIED,222,| 参数名 | 类型 | 描述 | | :--- | :--- | :--- | | `camera_type` | `const CameraType&` | 相机类型枚举值 | | `timestamp_ns` | `const uint64_t` | 目标时间戳（纳秒） | | `timeout_ms` | `const float` | 超时时间（毫秒） | | `image` | `std::shared_ptr<Image>&` | 输出参数，图像数据指针 |,`GDKRes`，操作结果状态码。成功时返回`GDKRes::kSuccess`，`image`参数包含图像数据，结构与`GetLatestImage()`相同,method,https://support.agibot.com/?gdk_version=2.6.3#contents/reference/cpp/camera.md
contents/reference/cpp/camera.md,C++,Camera,GetImageShape,GetImageShape() [heading; full declaration NOT DOCUMENTED; SDK UNVERIFIED],获取图像数据大小,NO,DOCUMENTED_PARAMETERS; SDK_UNVERIFIED,278,"| 参数名 | 类型 | 描述 | | :--- | :--- | :--- | | `camera_type` | `const CameraType&` | 相机类型枚举值 | | `shape` | `std::tuple<int, int>&` | 输出参数，图像宽度和高度的元组 |",`GDKRes`，操作结果状态码。成功时返回`GDKRes::kSuccess`，`shape`参数包含图像尺寸,method,https://support.agibot.com/?gdk_version=2.6.3#contents/reference/cpp/camera.md
contents/reference/cpp/camera.md,C++,Camera,GetImageFps,GetImageFps() [heading; full declaration NOT DOCUMENTED; SDK UNVERIFIED],获取图像捕获帧率,NO,DOCUMENTED_PARAMETERS; SDK_UNVERIFIED,332,| 参数名 | 类型 | 描述 | | :--- | :--- | :--- | | `camera_type` | `const CameraType&` | 相机类型枚举值 | | `fps` | `float&` | 输出参数，图像帧率（FPS） |,`GDKRes`，操作结果状态码。成功时返回`GDKRes::kSuccess`，`fps`参数包含帧率值,method,https://support.agibot.com/?gdk_version=2.6.3#contents/reference/cpp/camera.md
contents/reference/cpp/camera.md,C++,Camera,GetImageLatency,GetImageLatency() [heading; full declaration NOT DOCUMENTED; SDK UNVERIFIED],获取图像延迟统计信息,NO,DOCUMENTED_PARAMETERS; SDK_UNVERIFIED,386,| 参数名 | 类型 | 描述 | | :--- | :--- | :--- | | `camera_type` | `const CameraType&` | 相机类型枚举值 | | `window_seconds` | `const float` | 统计窗口时间（秒） | | `latency` | `LatencyStats&` | 输出参数，延迟统计信息 |,`GDKRes`，操作结果状态码。成功时返回`GDKRes::kSuccess`，`latency`参数包含延迟统计信息,method,https://support.agibot.com/?gdk_version=2.6.3#contents/reference/cpp/camera.md
contents/reference/cpp/camera.md,C++,Camera,GetCameraIntrinsic,GetCameraIntrinsic() [heading; full declaration NOT DOCUMENTED; SDK UNVERIFIED],获取相机内参信息,NO,DOCUMENTED_PARAMETERS; SDK_UNVERIFIED,442,| 参数名 | 类型 | 描述 | | :--- | :--- | :--- | | `camera_type` | `const CameraType&` | 相机类型枚举值 | | `intrinsic` | `CameraIntrinsic&` | 输出参数，相机内参信息 |,`GDKRes`，操作结果状态码。成功时返回`GDKRes::kSuccess`，`intrinsic`参数包含相机内参,method,https://support.agibot.com/?gdk_version=2.6.3#contents/reference/cpp/camera.md
contents/reference/cpp/camera.md,C++,Camera,SetDevCameraConfig,SetDevCameraConfig() [heading; full declaration NOT DOCUMENTED; SDK UNVERIFIED],相机客制化功能(开关相机、设置帧率),NO,DOCUMENTED_PARAMETERS; SDK_UNVERIFIED,582,| 参数名 | 类型 | 描述 | | :--- | :--- | :--- | | `cam_conf_path` | `const std::string&` | 相机配置文件路径 |,`GDKRes`，操作结果状态码。成功时返回`GDKRes::kSuccess`,method,https://support.agibot.com/?gdk_version=2.6.3#contents/reference/cpp/camera.md
contents/reference/cpp/camera.md,C++,Camera,CloseCamera,CloseCamera() [heading; full declaration NOT DOCUMENTED; SDK UNVERIFIED],关闭相机DDS连接,NO,DOCUMENTED_PARAMETERS; SDK_UNVERIFIED,713,无,`GDKRes`，操作结果状态码。成功时返回`GDKRes::kSuccess`,method,https://support.agibot.com/?gdk_version=2.6.3#contents/reference/cpp/camera.md
contents/reference/cpp/camera.md,C++,Camera,Image,struct Image {,Supporting documented type; see complete local source definition,NO,DOCUMENTED_TYPE; SDK_UNVERIFIED,41,See source member definition,N/A,type,https://support.agibot.com/?gdk_version=2.6.3#contents/reference/cpp/camera.md
contents/reference/cpp/camera.md,C++,Camera,Encoding,enum class Encoding : uint8_t {,Supporting documented type; see complete local source definition,NO,DOCUMENTED_TYPE; SDK_UNVERIFIED,44,See source member definition,N/A,type,https://support.agibot.com/?gdk_version=2.6.3#contents/reference/cpp/camera.md
contents/reference/cpp/camera.md,C++,Camera,ColorFormat,enum class ColorFormat : uint8_t {,Supporting documented type; see complete local source definition,NO,DOCUMENTED_TYPE; SDK_UNVERIFIED,50,See source member definition,N/A,type,https://support.agibot.com/?gdk_version=2.6.3#contents/reference/cpp/camera.md
contents/reference/cpp/camera.md,C++,Camera,CameraIntrinsic,struct CameraIntrinsic {,Supporting documented type; see complete local source definition,NO,DOCUMENTED_TYPE; SDK_UNVERIFIED,459,See source member definition,N/A,type,https://support.agibot.com/?gdk_version=2.6.3#contents/reference/cpp/camera.md
contents/reference/cpp/lidar.md,C++,Lidar,GetLatestPointCloud,GetLatestPointCloud() [heading; full declaration NOT DOCUMENTED; SDK UNVERIFIED],获取最新的点云数据,NO,DOCUMENTED_PARAMETERS; SDK_UNVERIFIED,13,| 参数名 | 类型 | 描述 | | :--- | :--- | :--- | | `lidar_type` | `const LidarType&` | 激光雷达类型枚举值 | | `timeout_ms` | `const float` | 超时时间（毫秒） | | `pointcloud` | `std::shared_ptr<PointCloud>&` | 输出参数，点云数据指针 |,`GDKRes`，操作结果状态码。成功时返回`GDKRes::kSuccess`，`pointcloud`参数包含点云数据,method,https://support.agibot.com/?gdk_version=2.6.3#contents/reference/cpp/lidar.md
contents/reference/cpp/lidar.md,C++,Lidar,GetNearestPointCloud,GetNearestPointCloud() [heading; full declaration NOT DOCUMENTED; SDK UNVERIFIED],获取指定时间戳附近最近的点云数据,NO,DOCUMENTED_PARAMETERS; SDK_UNVERIFIED,210,| 参数名 | 类型 | 描述 | | :--- | :--- | :--- | | `lidar_type` | `const LidarType&` | 激光雷达类型枚举值 | | `timestamp_ns` | `const uint64_t` | 目标时间戳（纳秒） | | `timeout_ms` | `const float` | 超时时间（毫秒） | | `pointcloud` | `std::shared_ptr<PointCloud>&` | 输出参数，点云数据指针 |,`GDKRes`，操作结果状态码。成功时返回`GDKRes::kSuccess`，`pointcloud`参数包含点云数据,method,https://support.agibot.com/?gdk_version=2.6.3#contents/reference/cpp/lidar.md
contents/reference/cpp/lidar.md,C++,Lidar,GetLidarFps,GetLidarFps() [heading; full declaration NOT DOCUMENTED; SDK UNVERIFIED],获取激光雷达数据采集帧率,NO,DOCUMENTED_NOT_IMPLEMENTED; SDK_UNVERIFIED,296,| 参数名 | 类型 | 描述 | | :--- | :--- | :--- | | `lidar_type` | `const LidarType&` | 激光雷达类型枚举值 | | `fps` | `float&` | 输出参数，激光雷达帧率（FPS） |,`GDKRes`，操作结果状态码。成功时返回`GDKRes::kSuccess`，`fps`参数包含帧率值,method,https://support.agibot.com/?gdk_version=2.6.3#contents/reference/cpp/lidar.md
contents/reference/cpp/lidar.md,C++,Lidar,GetLidarLatency,GetLidarLatency() [heading; full declaration NOT DOCUMENTED; SDK UNVERIFIED],获取激光雷达数据延迟统计信息,NO,DOCUMENTED_NOT_IMPLEMENTED; SDK_UNVERIFIED,347,| 参数名 | 类型 | 描述 | | :--- | :--- | :--- | | `lidar_type` | `const LidarType&` | 激光雷达类型枚举值 | | `window_seconds` | `const float` | 统计窗口时间（秒） | | `latency` | `LatencyStats&` | 输出参数，延迟统计信息 |,`GDKRes`，操作结果状态码。成功时返回`GDKRes::kSuccess`，`latency`参数包含延迟统计信息,method,https://support.agibot.com/?gdk_version=2.6.3#contents/reference/cpp/lidar.md
contents/reference/cpp/lidar.md,C++,Lidar,CloseLidar,CloseLidar() [heading; full declaration NOT DOCUMENTED; SDK UNVERIFIED],关闭激光雷达DDS连接,NO,DOCUMENTED_PARAMETERS; SDK_UNVERIFIED,425,无,`GDKRes`，操作结果状态码。成功时返回`GDKRes::kSuccess`,method,https://support.agibot.com/?gdk_version=2.6.3#contents/reference/cpp/lidar.md
contents/reference/cpp/lidar.md,C++,Lidar,PointCloud,struct PointCloud {,Supporting documented type; see complete local source definition,NO,DOCUMENTED_TYPE; SDK_UNVERIFIED,43,See source member definition,N/A,type,https://support.agibot.com/?gdk_version=2.6.3#contents/reference/cpp/lidar.md
contents/reference/cpp/lidar.md,C++,Lidar,PointField,struct PointField {,Supporting documented type; see complete local source definition,NO,DOCUMENTED_TYPE; SDK_UNVERIFIED,69,See source member definition,N/A,type,https://support.agibot.com/?gdk_version=2.6.3#contents/reference/cpp/lidar.md
contents/reference/cpp/lidar.md,C++,Lidar,DataView,class DataView {,Supporting documented type; see complete local source definition,NO,DOCUMENTED_TYPE; SDK_UNVERIFIED,84,See source member definition,N/A,type,https://support.agibot.com/?gdk_version=2.6.3#contents/reference/cpp/lidar.md
contents/reference/cpp/lidar.md,C++,Lidar,OwnershipType,enum class OwnershipType {,Supporting documented type; see complete local source definition,NO,DOCUMENTED_TYPE; SDK_UNVERIFIED,89,See source member definition,N/A,type,https://support.agibot.com/?gdk_version=2.6.3#contents/reference/cpp/lidar.md
contents/reference/cpp/lidar.md,C++,Lidar,LatencyStats,struct LatencyStats {,Supporting documented type; see complete local source definition,NO,DOCUMENTED_TYPE; SDK_UNVERIFIED,364,See source member definition,N/A,type,https://support.agibot.com/?gdk_version=2.6.3#contents/reference/cpp/lidar.md
contents/reference/cpp/tf.md,C++,TF,GetAllTfFromBaseLink,GetAllTfFromBaseLink() [heading; full declaration NOT DOCUMENTED; SDK UNVERIFIED],获取从base_link到所有子坐标系的变换关系,NO,DOCUMENTED_PARAMETERS; SDK_UNVERIFIED,13,| 参数名 | 类型 | 描述 | | :--- | :--- | :--- | | `transforms` | `std::vector<TransformStamped>&` | 输出参数，变换关系列表 |,`GDKRes`，操作结果状态码。成功时返回`GDKRes::kSuccess`，`transforms`参数包含所有变换关系,method,https://support.agibot.com/?gdk_version=2.6.3#contents/reference/cpp/tf.md
contents/reference/cpp/tf.md,C++,TF,GetTfFromBaseLink,GetTfFromBaseLink() [heading; full declaration NOT DOCUMENTED; SDK UNVERIFIED],获取从base_link到指定子坐标系的变换关系,NO,DOCUMENTED_PARAMETERS; SDK_UNVERIFIED,127,| 参数名 | 类型 | 描述 | | :--- | :--- | :--- | | `child_frame_id` | `const std::string&` | 子坐标系ID | | `transform` | `Transform&` | 输出参数，变换信息对象 |,`GDKRes`，操作结果状态码。成功时返回`GDKRes::kSuccess`，`transform`参数包含变换信息,method,https://support.agibot.com/?gdk_version=2.6.3#contents/reference/cpp/tf.md
contents/reference/cpp/tf.md,C++,TF,GetTfFromSensor,GetTfFromSensor() [heading; full declaration NOT DOCUMENTED; SDK UNVERIFIED],获取传感器外参变换关系,NO,DOCUMENTED_PARAMETERS; SDK_UNVERIFIED,187,| 参数名 | 类型 | 描述 | | :--- | :--- | :--- | | `sensor_extrinsic_type` | `const SensorExtrinsicType&` | 传感器外参类型枚举 | | `transform` | `Transform&` | 输出参数，变换信息对象 |,`GDKRes`，操作结果状态码。成功时返回`GDKRes::kSuccess`，`transform`参数包含传感器外参变换信息,method,https://support.agibot.com/?gdk_version=2.6.3#contents/reference/cpp/tf.md
contents/reference/cpp/tf.md,C++,TF,LookupTransformLatest,LookupTransformLatest() [heading; full declaration NOT DOCUMENTED; SDK UNVERIFIED],查询两个坐标系之间的最新变换关系,NO,DOCUMENTED_PARAMETERS; SDK_UNVERIFIED,296,| 参数名 | 类型 | 描述 | | :--- | :--- | :--- | | `target_frame` | `const std::string&` | 目标坐标系ID | | `source_frame` | `const std::string&` | 源坐标系ID | | `transform` | `Transform&` | 输出参数，变换信息对象（从source到target） | | `timestamp_ns` | `uint64_t*` | 输出参数，时间戳指针（可选，可为nullptr） |,`GDKRes`，操作结果状态码。成功时返回`GDKRes::kSuccess`，`transform`参数包含变换信息,method,https://support.agibot.com/?gdk_version=2.6.3#contents/reference/cpp/tf.md
contents/reference/cpp/tf.md,C++,TF,LookupTransform,LookupTransform() [heading; full declaration NOT DOCUMENTED; SDK UNVERIFIED],查询两个坐标系在特定时间的变换关系（支持时间插值）,NO,DOCUMENTED_PARAMETERS; SDK_UNVERIFIED,361,| 参数名 | 类型 | 描述 | | :--- | :--- | :--- | | `target_frame` | `const std::string&` | 目标坐标系ID | | `source_frame` | `const std::string&` | 源坐标系ID | | `time_ns` | `uint64_t` | 查询时间（纳秒时间戳） | | `transform` | `Transform&` | 输出参数，变换信息对象（从source到target） |,`GDKRes`，操作结果状态码。成功时返回`GDKRes::kSuccess`，`transform`参数包含变换信息,method,https://support.agibot.com/?gdk_version=2.6.3#contents/reference/cpp/tf.md
contents/reference/cpp/tf.md,C++,TF,CanTransform,CanTransform() [heading; full declaration NOT DOCUMENTED; SDK UNVERIFIED],检查两个坐标系之间是否存在变换关系,NO,DOCUMENTED_PARAMETERS; SDK_UNVERIFIED,430,| 参数名 | 类型 | 描述 | | :--- | :--- | :--- | | `target_frame` | `const std::string&` | 目标坐标系ID | | `source_frame` | `const std::string&` | 源坐标系ID |,`bool`，如果存在变换关系返回`true`，否则返回`false`,method,https://support.agibot.com/?gdk_version=2.6.3#contents/reference/cpp/tf.md
contents/reference/cpp/tf.md,C++,TF,GetAllFrameNames,GetAllFrameNames() [heading; full declaration NOT DOCUMENTED; SDK UNVERIFIED],获取所有可用的坐标系名称,NO,DOCUMENTED_PARAMETERS; SDK_UNVERIFIED,481,无,`std::vector<std::string>`，包含所有坐标系名称的列表,method,https://support.agibot.com/?gdk_version=2.6.3#contents/reference/cpp/tf.md
contents/reference/cpp/tf.md,C++,TF,GetLatestTimestamp,GetLatestTimestamp() [heading; full declaration NOT DOCUMENTED; SDK UNVERIFIED],获取指定坐标系的最新时间戳,NO,DOCUMENTED_PARAMETERS; SDK_UNVERIFIED,526,| 参数名 | 类型 | 描述 | | :--- | :--- | :--- | | `frame_id` | `const std::string&` | 坐标系ID | | `timestamp_ns` | `uint64_t&` | 输出参数，最新时间戳（纳秒） |,`GDKRes`，操作结果状态码。成功时返回`GDKRes::kSuccess`，`timestamp_ns`参数包含最新时间戳,method,https://support.agibot.com/?gdk_version=2.6.3#contents/reference/cpp/tf.md
contents/reference/cpp/tf.md,C++,TF,Clear,Clear() [heading; full declaration NOT DOCUMENTED; SDK UNVERIFIED],清空TF缓存中的所有变换关系,NO,DOCUMENTED_PARAMETERS; SDK_UNVERIFIED,578,无,无（`void`）,method,https://support.agibot.com/?gdk_version=2.6.3#contents/reference/cpp/tf.md
contents/reference/cpp/tf.md,C++,TF,TransformStamped,struct TransformStamped {,Supporting documented type; see complete local source definition,NO,DOCUMENTED_TYPE; SDK_UNVERIFIED,36,See source member definition,N/A,type,https://support.agibot.com/?gdk_version=2.6.3#contents/reference/cpp/tf.md
contents/reference/cpp/tf.md,C++,TF,Transform,struct Transform {,Supporting documented type; see complete local source definition,NO,DOCUMENTED_TYPE; SDK_UNVERIFIED,52,See source member definition,N/A,type,https://support.agibot.com/?gdk_version=2.6.3#contents/reference/cpp/tf.md
contents/reference/cpp/tf.md,C++,TF,SensorExtrinsicType,enum class SensorExtrinsicType {,Supporting documented type; see complete local source definition,NO,DOCUMENTED_TYPE; SDK_UNVERIFIED,225,See source member definition,N/A,type,https://support.agibot.com/?gdk_version=2.6.3#contents/reference/cpp/tf.md
contents/reference/cpp/robot.md,C++,Robot,GetJointStates,GetJointStates() [heading; full declaration NOT DOCUMENTED; SDK UNVERIFIED],获取机器人关节状态信息,NO; CANDIDATE_ONLY,DOCUMENTED_PARAMETERS; SDK_UNVERIFIED,13,| 参数名 | 类型 | 描述 | | :--- | :--- | :--- | | `joint_states` | `JointStates&` | 输出参数，关节状态信息对象 |,`GDKRes`，操作结果状态码。成功时返回`GDKRes::kSuccess`，`joint_states`参数包含关节状态信息,method,https://support.agibot.com/?gdk_version=2.6.3#contents/reference/cpp/robot.md
contents/reference/cpp/robot.md,C++,Robot,GetEndState,GetEndState() [heading; full declaration NOT DOCUMENTED; SDK UNVERIFIED],获取末端执行器状态信息,NO,DOCUMENTED_PARAMETERS; SDK_UNVERIFIED,118,| 参数名 | 类型 | 描述 | | :--- | :--- | :--- | | `end_state` | `DualEndState&` | 输出参数，双末端执行器状态信息对象 |,`GDKRes`，操作结果状态码。成功时返回`GDKRes::kSuccess`，`end_state`参数包含末端执行器状态信息,method,https://support.agibot.com/?gdk_version=2.6.3#contents/reference/cpp/robot.md
contents/reference/cpp/robot.md,C++,Robot,GetWholeBodyStatus,GetWholeBodyStatus() [heading; full declaration NOT DOCUMENTED; SDK UNVERIFIED],获取机器人全身状态信息,NO; CANDIDATE_ONLY,DOCUMENTED_PARAMETERS; SDK_UNVERIFIED,250,| 参数名 | 类型 | 描述 | | :--- | :--- | :--- | | `whole_body_status` | `WholeBodyStatus&` | 输出参数，全身状态信息对象 |,`GDKRes`，操作结果状态码。成功时返回`GDKRes::kSuccess`，`whole_body_status`参数包含全身状态信息,method,https://support.agibot.com/?gdk_version=2.6.3#contents/reference/cpp/robot.md
contents/reference/cpp/robot.md,C++,Robot,GetMotionControlStatus,GetMotionControlStatus() [heading; full declaration NOT DOCUMENTED; SDK UNVERIFIED],获取末端控制状态信息,NO; CANDIDATE_ONLY,DOCUMENTED_PARAMETERS; SDK_UNVERIFIED,355,| 参数名 | 类型 | 描述 | | :--- | :--- | :--- | | `status` | `MotionControlStatus&` | 输出参数，末端控制状态对象 |,`GDKRes`，操作结果状态码。成功时返回`GDKRes::kSuccess`，`status`参数包含运动控制状态信息,method,https://support.agibot.com/?gdk_version=2.6.3#contents/reference/cpp/robot.md
contents/reference/cpp/robot.md,C++,Robot,GetChassisPowerState,GetChassisPowerState() [heading; full declaration NOT DOCUMENTED; SDK UNVERIFIED],获取底盘电源状态,NO,DOCUMENTED_PARAMETERS; SDK_UNVERIFIED,453,| 参数名 | 类型 | 描述 | | :--- | :--- | :--- | | `chassis_power_state` | `ChassisPowerState&` | 底盘电源状态对象 |,`GDKRes`，操作结果状态码。成功时返回`GDKRes::kSuccess`,method,https://support.agibot.com/?gdk_version=2.6.3#contents/reference/cpp/robot.md
contents/reference/cpp/robot.md,C++,Robot,GetChestPowerState,GetChestPowerState() [heading; full declaration NOT DOCUMENTED; SDK UNVERIFIED],获取胸部电源状态,NO,DOCUMENTED_PARAMETERS; SDK_UNVERIFIED,638,| 参数名 | 类型 | 描述 | | :--- | :--- | :--- | | `chest_power_state` | `ChestPowerState&` | 输出参数，胸部电源状态对象 |,`GDKRes`，操作结果状态码。,method,https://support.agibot.com/?gdk_version=2.6.3#contents/reference/cpp/robot.md
contents/reference/cpp/robot.md,C++,Robot,JointControl,JointControl() [heading; full declaration NOT DOCUMENTED; SDK UNVERIFIED],关节控制接口（路径规划控制），执行到目标位置后，接口返回。,NO; CANDIDATE_ONLY,DOCUMENTED_PARAMETERS; SDK_UNVERIFIED,790,| 参数名 | 类型 | 描述 | | :--- | :--- | :--- | | `joint_control_req` | `const JointControlReq&` | 关节控制请求对象 |,`GDKRes`，操作结果状态码。成功时返回`GDKRes::kSuccess`,method,https://support.agibot.com/?gdk_version=2.6.3#contents/reference/cpp/robot.md
contents/reference/cpp/robot.md,C++,Robot,MoveHeadJoint,MoveHeadJoint() [heading; full declaration NOT DOCUMENTED; SDK UNVERIFIED],头部关节位置规划控制接口，执行到目标位置后，接口返回。,NO,DOCUMENTED_PARAMETERS; SDK_UNVERIFIED,910,"| 参数名 | 类型 | 描述 | | :--- | :--- | :--- | | `positions` | `std::vector<double>&` | 头部关节位置列表, 按照""idx11_head_joint1"", ""idx12_head_joint2"", ""idx13_head_joint3""填写目标关节角| | `velocities` | `const std::vector<double>&` | 头部关节速度列表, 按照""idx11_head_joint1"", ""idx12_head_joint2"", ""idx13_head_joint3""填写目标关节速度|",`GDKRes`，操作结果状态码。成功时返回`GDKRes::kSuccess`,method,https://support.agibot.com/?gdk_version=2.6.3#contents/reference/cpp/robot.md
contents/reference/cpp/robot.md,C++,Robot,MoveWaistJoint,MoveWaistJoint() [heading; full declaration NOT DOCUMENTED; SDK UNVERIFIED],腰部关节位置规划控制接口，执行到目标位置后，接口返回。,NO,DOCUMENTED_PARAMETERS; SDK_UNVERIFIED,963,"| 参数名 | 类型 | 描述 | | :--- | :--- | :--- | | `positions` | `std::vector<double>&` | 腰部关节位置列表, 按照""idx01_body_joint1"", ""idx02_body_joint2"", ""idx03_body_joint3"", ""idx04_body_joint4"", ""idx05_body_joint5""填写目标关节角| | `velocities` | `const std::vector<double>&` | 腰部关节速度列表, 按照""idx01_body_joint1"", ""idx02_body_joint2"", ""idx03_body_joint3"", ""idx04_body_joint4"", ""idx05_body_joint5""填写目标关节速度|",`GDKRes`，操作结果状态码。成功时返回`GDKRes::kSuccess`,method,https://support.agibot.com/?gdk_version=2.6.3#contents/reference/cpp/robot.md
contents/reference/cpp/robot.md,C++,Robot,MoveArmJoint,MoveArmJoint() [heading; full declaration NOT DOCUMENTED; SDK UNVERIFIED],手臂关节位置规划控制接口，执行到目标位置后，接口返回。,NO; CANDIDATE_ONLY,DOCUMENTED_PARAMETERS; SDK_UNVERIFIED,1016,"| 参数名 | 类型 | 描述 | | :--- | :--- | :--- | | `positions` | `std::vector<double>&` | 手臂关节位置列表, 按照""idx21_arm_l_joint1"", ""idx22_arm_l_joint2"", ""idx23_arm_l_joint3"", ""idx24_arm_l_joint4"", ""idx25_arm_l_joint5"", ""idx26_arm_l_joint6"", ""idx27_arm_l_joint7"", ""idx61_arm_r_joint1"", ""idx62_arm_r_joint2"", ""idx63_arm_r_joint3"", ""idx64_arm_r_joint4"", ""idx65_arm_r_joint5"", ""idx66_arm_r_joint6"", ""idx67_arm_r_joint7""填写目标关节角 | | `velocities` | `const std::vector<double>&` | 手臂关节速度列表, 按照""idx21_arm_l_joint1"", ""idx22_arm_l_joint2"", ""idx23_arm_l_joint3"", ""idx24_arm_l_joint4"", ""idx25_arm_l_joint5"", ""idx26_arm_l_joint6"", ""idx27_arm_l_joint7"", ""idx61_arm_r_joint1"", ""idx62_arm_r_joint2"", ""idx63_arm_r_joint3"", ""idx64_arm_r_joint4"", ""idx65_arm_r_joint5"", ""idx66_arm_r_joint6"", ""idx67_arm_r_joint7""填写目标关节速度 | | `control_group` | `const int` | 控制组，0表示控制左臂，1表示控制右臂，2表示控制双臂 |",`GDKRes`，操作结果状态码。成功时返回`GDKRes::kSuccess`,method,https://support.agibot.com/?gdk_version=2.6.3#contents/reference/cpp/robot.md
contents/reference/cpp/robot.md,C++,Robot,JointServoControl,JointServoControl() [heading; full declaration NOT DOCUMENTED; SDK UNVERIFIED],关节位置伺服控制接口，需要以100hz的控制频率进行控制，支持正常模式和低延时模式，默认使用正常模式。,NO,DOCUMENTED_PARAMETERS; SDK_UNVERIFIED,1078,| 参数名 | 类型 | 描述 | | :--- | :--- | :--- | | `joint_servo_control_req` | `const JointServoControlReq&` | 关节位置伺服请求对象 | | `enable_low_latency` | `bool` | 是否启用低延时模式，默认为`false` ｜,`GDKRes`，操作结果状态码。成功时返回`GDKRes::kSuccess`,method,https://support.agibot.com/?gdk_version=2.6.3#contents/reference/cpp/robot.md
contents/reference/cpp/robot.md,C++,Robot,MoveHeadJointServo,MoveHeadJointServo() [heading; full declaration NOT DOCUMENTED; SDK UNVERIFIED],头部关节位置伺服控制接口，需要以100hz的控制频率进行控制，支持正常模式和低延时模式，默认使用正常模式。,NO,DOCUMENTED_PARAMETERS; SDK_UNVERIFIED,1647,"| 参数名 | 类型 | 描述 | | :--- | :--- | :--- | | `positions` | `const std::vector<double>&` | 头部关节位置列表（弧度），按照""idx11_head_joint1"", ""idx12_head_joint2"", ""idx13_head_joint3""顺序 | | `control_period` | `const double` | 控制周期（秒），建议比控制频率稍大 | | `enable_low_latency` | `const bool` | 是否启用低延时模式，默认为`false` | **参数说明**： - `positions` 长度必须为3 - `positions` 中的值必须在对应关节的限位范围内（见下方关节限位值说明），否则返回 `ErrorCode::kInvalidInput` - `control_period` 表示控制周期，单位为秒，建议比控制频率稍大 - `enable_low_latency` 用于选择控制通道，低延时模式适用于对实时性要求更高的场景",`GDKRes`，操作结果状态码。成功时返回`GDKRes::kSuccess`,method,https://support.agibot.com/?gdk_version=2.6.3#contents/reference/cpp/robot.md
contents/reference/cpp/robot.md,C++,Robot,MoveWaistJointServo,MoveWaistJointServo() [heading; full declaration NOT DOCUMENTED; SDK UNVERIFIED],腰部关节位置伺服控制接口，需要以100hz的控制频率进行控制，支持正常模式和低延时模式，默认使用正常模式。,NO,DOCUMENTED_PARAMETERS; SDK_UNVERIFIED,1860,"| 参数名 | 类型 | 描述 | | :--- | :--- | :--- | | `positions` | `const std::vector<double>&` | 腰部关节位置列表（弧度），按照""idx01_body_joint1"", ""idx02_body_joint2"", ""idx03_body_joint3"", ""idx04_body_joint4"", ""idx05_body_joint5""顺序 | | `control_period` | `const double` | 控制周期（秒），建议比控制频率稍大 | | `enable_low_latency` | `const bool` | 是否启用低延时模式，默认为`false` | **参数说明**： - `positions` 的长度必须为5 - `positions` 中的值必须在对应关节的限位范围内（见下方关节限位值说明），否则返回 `ErrorCode::kInvalidInput` - `control_period` 表示控制周期，单位为秒，建议比控制频率稍大 - `enable_low_latency` 用于选择控制通道，低延时模式适用于对实时性要求更高的场景",`GDKRes`，操作结果状态码。成功时返回`GDKRes::kSuccess`,method,https://support.agibot.com/?gdk_version=2.6.3#contents/reference/cpp/robot.md
contents/reference/cpp/robot.md,C++,Robot,MoveArmJointServo,MoveArmJointServo() [heading; full declaration NOT DOCUMENTED; SDK UNVERIFIED],手臂关节位置伺服控制接口，需要以100hz的控制频率进行控制，支持正常模式和低延时模式，默认使用正常模式。,NO,DOCUMENTED_PARAMETERS; SDK_UNVERIFIED,2079,"| 参数名 | 类型 | 描述 | | :--- | :--- | :--- | | `positions` | `const std::vector<double>&` | 手臂关节位置列表（弧度），按照""idx21_arm_l_joint1"", ""idx22_arm_l_joint2"", ""idx23_arm_l_joint3"", ""idx24_arm_l_joint4"", ""idx25_arm_l_joint5"", ""idx26_arm_l_joint6"", ""idx27_arm_l_joint7"", ""idx61_arm_r_joint1"", ""idx62_arm_r_joint2"", ""idx63_arm_r_joint3"", ""idx64_arm_r_joint4"", ""idx65_arm_r_joint5"", ""idx66_arm_r_joint6"", ""idx67_arm_r_joint7""顺序 | | `control_period` | `const double` | 控制周期（秒），建议比控制频率稍大 | | `control_group` | `const int` | 控制组，0表示控制左臂，1表示控制右臂，2表示控制双臂 | | `enable_low_latency` | `const bool` | 是否启用低延时模式，默认为`false` | **参数说明**： - `positions` 的长度为7(左臂或右臂)或14(双臂) - `positions` 中的值必须在对应关节的限位范围内（见下方关节限位值说明），否则返回 `ErrorCode::kInvalidInput` - `control_period` 表示控制周期，单位为秒，建议比控制频率稍大 - `control_group` 表示控制组，0表示控制左臂，1表示控制右臂，2表示控制双臂 - `enable_low_latency` 用于选择控制通道，低延时模式适用于对实时性要求更高的场景",`GDKRes`，操作结果状态码。成功时返回`GDKRes::kSuccess`,method,https://support.agibot.com/?gdk_version=2.6.3#contents/reference/cpp/robot.md
contents/reference/cpp/robot.md,C++,Robot,EndEffectorPoseControl,EndEffectorPoseControl() [heading; full declaration NOT DOCUMENTED; SDK UNVERIFIED],末端执行器位姿控制接口,NO,DOCUMENTED_PARAMETERS; SDK_UNVERIFIED,2316,| 参数名 | 类型 | 描述 | | :--- | :--- | :--- | | `end_pose` | `const EndEffectorPose&` | 末端执行器位姿控制对象 |,`GDKRes`，操作结果状态码。成功时返回`GDKRes::kSuccess`,method,https://support.agibot.com/?gdk_version=2.6.3#contents/reference/cpp/robot.md
contents/reference/cpp/robot.md,C++,Robot,MoveEEPos,MoveEEPos() [heading; full declaration NOT DOCUMENTED; SDK UNVERIFIED],控制末端执行器位置,NO,DOCUMENTED_PARAMETERS; SDK_UNVERIFIED,2583,| 参数名 | 类型 | 描述 | | :--- | :--- | :--- | | `joint_states` | `const JointStates&` | 关节状态控制参数 |,`GDKRes`，操作结果状态码。成功时返回`GDKRes::kSuccess`,method,https://support.agibot.com/?gdk_version=2.6.3#contents/reference/cpp/robot.md
contents/reference/cpp/robot.md,C++,Robot,JointStates,struct JointStates {,Supporting documented type; see complete local source definition,NO,DOCUMENTED_TYPE; SDK_UNVERIFIED,36,See source member definition,N/A,type,https://support.agibot.com/?gdk_version=2.6.3#contents/reference/cpp/robot.md
contents/reference/cpp/robot.md,C++,Robot,JointState,struct JointState {,Supporting documented type; see complete local source definition,NO,DOCUMENTED_TYPE; SDK_UNVERIFIED,58,See source member definition,N/A,type,https://support.agibot.com/?gdk_version=2.6.3#contents/reference/cpp/robot.md
contents/reference/cpp/robot.md,C++,Robot,DualEndState,struct DualEndState {,Supporting documented type; see complete local source definition,NO,DOCUMENTED_TYPE; SDK_UNVERIFIED,139,See source member definition,N/A,type,https://support.agibot.com/?gdk_version=2.6.3#contents/reference/cpp/robot.md
contents/reference/cpp/robot.md,C++,Robot,EndState,struct EndState {,Supporting documented type; see complete local source definition,NO,DOCUMENTED_TYPE; SDK_UNVERIFIED,155,See source member definition,N/A,type,https://support.agibot.com/?gdk_version=2.6.3#contents/reference/cpp/robot.md
contents/reference/cpp/robot.md,C++,Robot,MotorState,struct MotorState {,Supporting documented type; see complete local source definition,NO,DOCUMENTED_TYPE; SDK_UNVERIFIED,179,See source member definition,N/A,type,https://support.agibot.com/?gdk_version=2.6.3#contents/reference/cpp/robot.md
contents/reference/cpp/robot.md,C++,Robot,WholeBodyStatus,struct WholeBodyStatus {,Supporting documented type; see complete local source definition,NO,DOCUMENTED_TYPE; SDK_UNVERIFIED,284,See source member definition,N/A,type,https://support.agibot.com/?gdk_version=2.6.3#contents/reference/cpp/robot.md
contents/reference/cpp/robot.md,C++,Robot,MotionControlStatus,struct MotionControlStatus {,Supporting documented type; see complete local source definition,NO,DOCUMENTED_TYPE; SDK_UNVERIFIED,391,See source member definition,N/A,type,https://support.agibot.com/?gdk_version=2.6.3#contents/reference/cpp/robot.md
contents/reference/cpp/robot.md,C++,Robot,ChassisPowerState,struct ChassisPowerState {,Supporting documented type; see complete local source definition,NO,DOCUMENTED_TYPE; SDK_UNVERIFIED,502,See source member definition,N/A,type,https://support.agibot.com/?gdk_version=2.6.3#contents/reference/cpp/robot.md
contents/reference/cpp/robot.md,C++,Robot,BatteryState,struct BatteryState {,Supporting documented type; see complete local source definition,NO,DOCUMENTED_TYPE; SDK_UNVERIFIED,559,See source member definition,N/A,type,https://support.agibot.com/?gdk_version=2.6.3#contents/reference/cpp/robot.md
contents/reference/cpp/robot.md,C++,Robot,ChestPowerState,struct ChestPowerState {,Supporting documented type; see complete local source definition,NO,DOCUMENTED_TYPE; SDK_UNVERIFIED,695,See source member definition,N/A,type,https://support.agibot.com/?gdk_version=2.6.3#contents/reference/cpp/robot.md
contents/reference/cpp/robot.md,C++,Robot,JointControlReq,struct JointControlReq {,Supporting documented type; see complete local source definition,NO,DOCUMENTED_TYPE; SDK_UNVERIFIED,815,See source member definition,N/A,type,https://support.agibot.com/?gdk_version=2.6.3#contents/reference/cpp/robot.md
contents/reference/cpp/robot.md,C++,Robot,JointServoControlReq,struct JointServoControlReq {,Supporting documented type; see complete local source definition,NO,DOCUMENTED_TYPE; SDK_UNVERIFIED,1103,See source member definition,N/A,type,https://support.agibot.com/?gdk_version=2.6.3#contents/reference/cpp/robot.md
contents/reference/cpp/robot.md,C++,Robot,JointServoControlController,class JointServoControlController {,Supporting documented type; see complete local source definition,NO,DOCUMENTED_TYPE; SDK_UNVERIFIED,1226,See source member definition,N/A,type,https://support.agibot.com/?gdk_version=2.6.3#contents/reference/cpp/robot.md
contents/reference/cpp/robot.md,C++,Robot,HeadJointServoController,class HeadJointServoController {,Supporting documented type; see complete local source definition,NO,DOCUMENTED_TYPE; SDK_UNVERIFIED,1698,See source member definition,N/A,type,https://support.agibot.com/?gdk_version=2.6.3#contents/reference/cpp/robot.md
contents/reference/cpp/robot.md,C++,Robot,WaistJointServoController,class WaistJointServoController {,Supporting documented type; see complete local source definition,NO,DOCUMENTED_TYPE; SDK_UNVERIFIED,1913,See source member definition,N/A,type,https://support.agibot.com/?gdk_version=2.6.3#contents/reference/cpp/robot.md
contents/reference/cpp/robot.md,C++,Robot,ArmJointServoController,class ArmJointServoController {,Supporting documented type; see complete local source definition,NO,DOCUMENTED_TYPE; SDK_UNVERIFIED,2143,See source member definition,N/A,type,https://support.agibot.com/?gdk_version=2.6.3#contents/reference/cpp/robot.md
contents/reference/cpp/robot.md,C++,Robot,EndEffectorPose,struct EndEffectorPose {,Supporting documented type; see complete local source definition,NO,DOCUMENTED_TYPE; SDK_UNVERIFIED,2340,See source member definition,N/A,type,https://support.agibot.com/?gdk_version=2.6.3#contents/reference/cpp/robot.md
contents/reference/cpp/robot.md,C++,Robot,EndEffectorController,class EndEffectorController {,Supporting documented type; see complete local source definition,NO,DOCUMENTED_TYPE; SDK_UNVERIFIED,2403,See source member definition,N/A,type,https://support.agibot.com/?gdk_version=2.6.3#contents/reference/cpp/robot.md
contents/reference/cpp/pnc.md,C++,Pnc,GetTaskState,GetTaskState() [heading; full declaration NOT DOCUMENTED; SDK UNVERIFIED],获取当前任务状态,NO,DOCUMENTED_PARAMETERS; SDK_UNVERIFIED,13,| 参数名 | 类型 | 描述 | | :--- | :--- | :--- | | `task_state` | `PNCTaskState&` | 输出参数，任务状态信息对象 |,`GDKRes`，操作结果状态码。成功时返回`GDKRes::kSuccess`，`task_state`参数包含任务状态信息,method,https://support.agibot.com/?gdk_version=2.6.3#contents/reference/cpp/pnc.md
contents/reference/cpp/pnc.md,C++,Pnc,NormalNavi,NormalNavi() [heading; full declaration NOT DOCUMENTED; SDK UNVERIFIED],"执行正常导航到指定目标点, 执行之前需要在G02 Pad上进行重定位",NO,DOCUMENTED_PARAMETERS; SDK_UNVERIFIED,80,| 参数名 | 类型 | 描述 | | :--- | :--- | :--- | | `navi_req` | `const NaviReq&` | 导航请求对象 |,`GDKRes`，操作结果状态码。成功时返回`GDKRes::kSuccess`,method,https://support.agibot.com/?gdk_version=2.6.3#contents/reference/cpp/pnc.md
contents/reference/cpp/pnc.md,C++,Pnc,HighPrecisionNavi,HighPrecisionNavi() [heading; full declaration NOT DOCUMENTED; SDK UNVERIFIED],"执行高精度导航到指定目标点, 执行之前需要在G02 Pad上进行重定位",NO,DOCUMENTED_PARAMETERS; SDK_UNVERIFIED,158,| 参数名 | 类型 | 描述 | | :--- | :--- | :--- | | `navi_req` | `const NaviReq&` | 导航请求对象 |,`GDKRes`，操作结果状态码。成功时返回`GDKRes::kSuccess`,method,https://support.agibot.com/?gdk_version=2.6.3#contents/reference/cpp/pnc.md
contents/reference/cpp/pnc.md,C++,Pnc,RelativeMove,RelativeMove() [heading; full declaration NOT DOCUMENTED; SDK UNVERIFIED],"执行小范围平移, 简单停障，无避障，执行之前需要在G02 Pad上进行重定位",NO,DOCUMENTED_PARAMETERS; SDK_UNVERIFIED,202,| 参数名 | 类型 | 描述 | | :--- | :--- | :--- | | `navi_req` | `const NaviReq&` | 导航请求对象 |,`GDKRes`，操作结果状态码。成功时返回`GDKRes::kSuccess`,method,https://support.agibot.com/?gdk_version=2.6.3#contents/reference/cpp/pnc.md
contents/reference/cpp/pnc.md,C++,Pnc,CancelTask,CancelTask() [heading; full declaration NOT DOCUMENTED; SDK UNVERIFIED],取消指定ID的导航任务,NO,DOCUMENTED_PARAMETERS; SDK_UNVERIFIED,246,| 参数名 | 类型 | 描述 | | :--- | :--- | :--- | | `task_id` | `uint32_t` | 要取消的任务ID |,`GDKRes`，操作结果状态码。成功时返回`GDKRes::kSuccess`,method,https://support.agibot.com/?gdk_version=2.6.3#contents/reference/cpp/pnc.md
contents/reference/cpp/pnc.md,C++,Pnc,PauseTask,PauseTask() [heading; full declaration NOT DOCUMENTED; SDK UNVERIFIED],暂停指定ID的导航任务,NO,DOCUMENTED_PARAMETERS; SDK_UNVERIFIED,286,| 参数名 | 类型 | 描述 | | :--- | :--- | :--- | | `task_id` | `uint32_t` | 要暂停的任务ID |,`GDKRes`，操作结果状态码。成功时返回`GDKRes::kSuccess`,method,https://support.agibot.com/?gdk_version=2.6.3#contents/reference/cpp/pnc.md
contents/reference/cpp/pnc.md,C++,Pnc,ResumeTask,ResumeTask() [heading; full declaration NOT DOCUMENTED; SDK UNVERIFIED],恢复指定ID的导航任务,NO,DOCUMENTED_PARAMETERS; SDK_UNVERIFIED,328,| 参数名 | 类型 | 描述 | | :--- | :--- | :--- | | `task_id` | `uint32_t` | 要恢复的任务ID |,`GDKRes`，操作结果状态码。成功时返回`GDKRes::kSuccess`,method,https://support.agibot.com/?gdk_version=2.6.3#contents/reference/cpp/pnc.md
contents/reference/cpp/pnc.md,C++,Pnc,RequestChassisControl,RequestChassisControl() [heading; full declaration NOT DOCUMENTED; SDK UNVERIFIED],请求底盘控制权限，用于远程控制模式,NO,DOCUMENTED_PARAMETERS; SDK_UNVERIFIED,370,| 参数名 | 类型 | 描述 | | :--- | :--- | :--- | | `control_mode` | `int32_t` | 控制请求：0 |,`GDKRes`，操作结果状态码。成功时返回`GDKRes::kSuccess`,method,https://support.agibot.com/?gdk_version=2.6.3#contents/reference/cpp/pnc.md
contents/reference/cpp/pnc.md,C++,Pnc,MoveChassis,MoveChassis() [heading; full declaration NOT DOCUMENTED; SDK UNVERIFIED],移动底盘，用于远程控制模式下的底盘运动控制,NO,DOCUMENTED_PARAMETERS; SDK_UNVERIFIED,422,| 参数名 | 类型 | 描述 | | :--- | :--- | :--- | | `twist` | `const Twist&` | 速度指令对象，包含线速度和角速度 |,`GDKRes`，操作结果状态码。成功时返回`GDKRes::kSuccess`,method,https://support.agibot.com/?gdk_version=2.6.3#contents/reference/cpp/pnc.md
contents/reference/cpp/slam.md,C++,Slam,GetSlamState,GetSlamState() [heading; full declaration NOT DOCUMENTED; SDK UNVERIFIED],获取SLAM系统当前状态,NO,DOCUMENTED_PARAMETERS; SDK_UNVERIFIED,13,| 参数名 | 类型 | 描述 | | :--- | :--- | :--- | | `state` | `uint32_t&` | 输出参数，SLAM状态码 |,`GDKRes`，操作结果状态码。成功时返回`GDKRes::kSuccess`，`state`参数包含SLAM状态信息 （1：开始建图 2：停止建图 0：取消建图）,method,https://support.agibot.com/?gdk_version=2.6.3#contents/reference/cpp/slam.md
contents/reference/cpp/slam.md,C++,Slam,StartMapping,StartMapping() [heading; full declaration NOT DOCUMENTED; SDK UNVERIFIED],开始建图,NO,DOCUMENTED_PARAMETERS; SDK_UNVERIFIED,63,无,`GDKRes`，操作结果状态码。成功时返回`GDKRes::kSuccess`,method,https://support.agibot.com/?gdk_version=2.6.3#contents/reference/cpp/slam.md
contents/reference/cpp/slam.md,C++,Slam,StopMapping,StopMapping() [heading; full declaration NOT DOCUMENTED; SDK UNVERIFIED],停止且保存建图,NO,DOCUMENTED_PARAMETERS; SDK_UNVERIFIED,118,无,`GDKRes`，操作结果状态码。成功时返回`GDKRes::kSuccess`,method,https://support.agibot.com/?gdk_version=2.6.3#contents/reference/cpp/slam.md
contents/reference/cpp/slam.md,C++,Slam,CancelMapping,CancelMapping() [heading; full declaration NOT DOCUMENTED; SDK UNVERIFIED],取消建图,NO,DOCUMENTED_PARAMETERS; SDK_UNVERIFIED,173,无,`GDKRes`，操作结果状态码。成功时返回`GDKRes::kSuccess`,method,https://support.agibot.com/?gdk_version=2.6.3#contents/reference/cpp/slam.md
contents/reference/cpp/slam.md,C++,Slam,GetOdomInfo,GetOdomInfo() [heading; full declaration NOT DOCUMENTED; SDK UNVERIFIED],获取里程计信息,NO,DOCUMENTED_PARAMETERS; SDK_UNVERIFIED,228,| 参数名 | 类型 | 描述 | | :--- | :--- | :--- | | `odom_info` | `OdomInfo&` | 输出参数，里程计信息对象 |,`GDKRes`，操作结果状态码。成功时返回`GDKRes::kSuccess`，`odom_info`参数包含里程计信息,method,https://support.agibot.com/?gdk_version=2.6.3#contents/reference/cpp/slam.md
contents/reference/cpp/slam.md,C++,Slam,RecordSpecLoc,RecordSpecLoc() [heading; full declaration NOT DOCUMENTED; SDK UNVERIFIED],记录当前位置为特定位置,NO,DOCUMENTED_PARAMETERS; SDK_UNVERIFIED,402,无,`GDKRes`，操作结果状态码。成功时返回`GDKRes::kSuccess`,method,https://support.agibot.com/?gdk_version=2.6.3#contents/reference/cpp/slam.md
contents/reference/cpp/slam.md,C++,Slam,GetCurrPose,GetCurrPose() [heading; full declaration NOT DOCUMENTED; SDK UNVERIFIED],获取机器人当前位置,NO,DOCUMENTED_PARAMETERS; SDK_UNVERIFIED,447,| 参数名 | 类型 | 描述 | | :--- | :--- | :--- | | `pose` | `Pose&` | 输出参数，机器人当前位姿 |,`GDKRes`，操作结果状态码。成功时返回`GDKRes::kSuccess`，`pose`参数包含机器人当前位姿,method,https://support.agibot.com/?gdk_version=2.6.3#contents/reference/cpp/slam.md
contents/reference/cpp/slam.md,C++,Slam,OdomInfo,struct OdomInfo {,Supporting documented type; see complete local source definition,NO,DOCUMENTED_TYPE; SDK_UNVERIFIED,258,See source member definition,N/A,type,https://support.agibot.com/?gdk_version=2.6.3#contents/reference/cpp/slam.md
contents/reference/cpp/slam.md,C++,Slam,PoseWithCovariance,struct PoseWithCovariance {,Supporting documented type; see complete local source definition,NO,DOCUMENTED_TYPE; SDK_UNVERIFIED,280,See source member definition,N/A,type,https://support.agibot.com/?gdk_version=2.6.3#contents/reference/cpp/slam.md
contents/reference/cpp/slam.md,C++,Slam,TwistWithCovariance,struct TwistWithCovariance {,Supporting documented type; see complete local source definition,NO,DOCUMENTED_TYPE; SDK_UNVERIFIED,294,See source member definition,N/A,type,https://support.agibot.com/?gdk_version=2.6.3#contents/reference/cpp/slam.md
contents/reference/cpp/slam.md,C++,Slam,Pose,struct Pose {,Supporting documented type; see complete local source definition,NO,DOCUMENTED_TYPE; SDK_UNVERIFIED,308,See source member definition,N/A,type,https://support.agibot.com/?gdk_version=2.6.3#contents/reference/cpp/slam.md
contents/reference/cpp/slam.md,C++,Slam,Twist,struct Twist {minear{,Supporting documented type; see complete local source definition,NO,DOCUMENTED_TYPE; SDK_UNVERIFIED,339,See source member definition,N/A,type,https://support.agibot.com/?gdk_version=2.6.3#contents/reference/cpp/slam.md
contents/reference/cpp/map.md,C++,Map,GetCurrMap,GetCurrMap() [heading; full declaration NOT DOCUMENTED; SDK UNVERIFIED],获取当前使用的地图信息,NO,DOCUMENTED_PARAMETERS; SDK_UNVERIFIED,13,| 参数名 | 类型 | 描述 | | :--- | :--- | :--- | | `map_name` | `MapName&` | 输出参数，当前地图名称信息 |,`GDKRes`，操作结果状态码。成功时返回`GDKRes::kSuccess`，`map_name`参数包含当前地图信息,method,https://support.agibot.com/?gdk_version=2.6.3#contents/reference/cpp/map.md
contents/reference/cpp/map.md,C++,Map,GetAllMap,GetAllMap() [heading; full declaration NOT DOCUMENTED; SDK UNVERIFIED],获取所有可用地图列表,NO,DOCUMENTED_PARAMETERS; SDK_UNVERIFIED,76,| 参数名 | 类型 | 描述 | | :--- | :--- | :--- | | `map_names` | `std::vector<MapName>&` | 输出参数，地图名称列表 |,`GDKRes`，操作结果状态码。成功时返回`GDKRes::kSuccess`，`map_names`参数包含所有地图信息,method,https://support.agibot.com/?gdk_version=2.6.3#contents/reference/cpp/map.md
contents/reference/cpp/map.md,C++,Map,SwitchMap,SwitchMap() [heading; full declaration NOT DOCUMENTED; SDK UNVERIFIED],切换到指定ID的地图,NO,DOCUMENTED_PARAMETERS; SDK_UNVERIFIED,133,| 参数名 | 类型 | 描述 | | :--- | :--- | :--- | | `map_id` | `const uint8_t` | 地图ID |,`GDKRes`，操作结果状态码。成功时返回`GDKRes::kSuccess`,method,https://support.agibot.com/?gdk_version=2.6.3#contents/reference/cpp/map.md
contents/reference/cpp/map.md,C++,Map,RemoveMap,RemoveMap() [heading; full declaration NOT DOCUMENTED; SDK UNVERIFIED],删除指定ID的地图,NO,DOCUMENTED_PARAMETERS; SDK_UNVERIFIED,190,| 参数名 | 类型 | 描述 | | :--- | :--- | :--- | | `map_id` | `const uint8_t` | 地图ID |,`GDKRes`，操作结果状态码。成功时返回`GDKRes::kSuccess`,method,https://support.agibot.com/?gdk_version=2.6.3#contents/reference/cpp/map.md
contents/reference/cpp/interaction.md,C++,Interaction,SetLanguage,SetLanguage() [heading; full declaration NOT DOCUMENTED; SDK UNVERIFIED],设置语音语言,NO,DOCUMENTED_PARAMETERS; SDK_UNVERIFIED,17,| 参数名 | 类型 | 描述 | | :--- | :--- | :--- | | `language` | `const Language&` | 语言类型，`Language::kLanguageChinese` 表示中文，`Language::kLanguageEnglish` 表示英文 |,`GDKRes`，操作结果状态码。成功时返回`GDKRes::kSuccess`,method,https://support.agibot.com/?gdk_version=2.6.3#contents/reference/cpp/interaction.md
contents/reference/cpp/interaction.md,C++,Interaction,SetCallMode,SetCallMode() [heading; full declaration NOT DOCUMENTED; SDK UNVERIFIED],设置通话模式,NO,DOCUMENTED_PARAMETERS; SDK_UNVERIFIED,81,| 参数名 | 类型 | 描述 | | :--- | :--- | :--- | | `is_on` | `const bool&` | `true` 表示开启通话模式，`false` 表示关闭通话模式 |,`GDKRes`，操作结果状态码。成功时返回`GDKRes::kSuccess`,method,https://support.agibot.com/?gdk_version=2.6.3#contents/reference/cpp/interaction.md
contents/reference/cpp/interaction.md,C++,Interaction,SetVolume,SetVolume() [heading; full declaration NOT DOCUMENTED; SDK UNVERIFIED],设置音量,NO,DOCUMENTED_PARAMETERS; SDK_UNVERIFIED,134,| 参数名 | 类型 | 描述 | | :--- | :--- | :--- | | `volume` | `const int32_t&` | 音量值，范围通常为0-500 |,`GDKRes`，操作结果状态码。成功时返回`GDKRes::kSuccess`,method,https://support.agibot.com/?gdk_version=2.6.3#contents/reference/cpp/interaction.md
contents/reference/cpp/interaction.md,C++,Interaction,SetWakeupSwitch,SetWakeupSwitch() [heading; full declaration NOT DOCUMENTED; SDK UNVERIFIED],设置唤醒开关,NO,DOCUMENTED_PARAMETERS; SDK_UNVERIFIED,177,| 参数名 | 类型 | 描述 | | :--- | :--- | :--- | | `is_on` | `const bool&` | `true` 表示开启唤醒，`false` 表示关闭唤醒 |,`GDKRes`，操作结果状态码。成功时返回`GDKRes::kSuccess`,method,https://support.agibot.com/?gdk_version=2.6.3#contents/reference/cpp/interaction.md
contents/reference/cpp/interaction.md,C++,Interaction,SetAudioSwitch,SetAudioSwitch() [heading; full declaration NOT DOCUMENTED; SDK UNVERIFIED],设置音频开关,NO,DOCUMENTED_PARAMETERS; SDK_UNVERIFIED,220,| 参数名 | 类型 | 描述 | | :--- | :--- | :--- | | `is_on` | `const bool&` | `true` 表示开启音频，`false` 表示关闭音频 |,`GDKRes`，操作结果状态码。成功时返回`GDKRes::kSuccess`,method,https://support.agibot.com/?gdk_version=2.6.3#contents/reference/cpp/interaction.md
contents/reference/cpp/interaction.md,C++,Interaction,SetDisplaySwitch,SetDisplaySwitch() [heading; full declaration NOT DOCUMENTED; SDK UNVERIFIED],设置显示开关,NO,DOCUMENTED_PARAMETERS; SDK_UNVERIFIED,263,| 参数名 | 类型 | 描述 | | :--- | :--- | :--- | | `is_on` | `const bool&` | `true` 表示开启显示，`false` 表示关闭显示 |,`GDKRes`，操作结果状态码。成功时返回`GDKRes::kSuccess`,method,https://support.agibot.com/?gdk_version=2.6.3#contents/reference/cpp/interaction.md
contents/reference/cpp/interaction.md,C++,Interaction,PlayTts,PlayTts() [heading; full declaration NOT DOCUMENTED; SDK UNVERIFIED],播放TTS（文本转语音）,NO,DOCUMENTED_PARAMETERS; SDK_UNVERIFIED,306,| 参数名 | 类型 | 描述 | | :--- | :--- | :--- | | `text` | `const std::string&` | 要播放的文本内容 |,`GDKRes`，操作结果状态码。成功时返回`GDKRes::kSuccess`,method,https://support.agibot.com/?gdk_version=2.6.3#contents/reference/cpp/interaction.md
contents/reference/cpp/interaction.md,C++,Interaction,PlayAudio,PlayAudio() [heading; full declaration NOT DOCUMENTED; SDK UNVERIFIED],播放音频文件,NO,DOCUMENTED_PARAMETERS; SDK_UNVERIFIED,350,| 参数名 | 类型 | 描述 | | :--- | :--- | :--- | | `audio_path` | `const std::string&` | 音频文件路径 |,`GDKRes`，操作结果状态码。成功时返回`GDKRes::kSuccess`,method,https://support.agibot.com/?gdk_version=2.6.3#contents/reference/cpp/interaction.md
contents/reference/cpp/interaction.md,C++,Interaction,PlayVideo,PlayVideo() [heading; full declaration NOT DOCUMENTED; SDK UNVERIFIED],播放视频文件,NO,DOCUMENTED_PARAMETERS; SDK_UNVERIFIED,394,| 参数名 | 类型 | 描述 | | :--- | :--- | :--- | | `video_path` | `const std::string&` | 视频文件路径 | | `loop_count` | `const int32_t&` | 循环播放次数，-1表示无限循环 |,`GDKRes`，操作结果状态码。成功时返回`GDKRes::kSuccess`,method,https://support.agibot.com/?gdk_version=2.6.3#contents/reference/cpp/interaction.md
contents/reference/cpp/interaction.md,C++,Interaction,GetFuncStatus,GetFuncStatus() [heading; full declaration NOT DOCUMENTED; SDK UNVERIFIED],获取语音功能状态,NO,DOCUMENTED_PARAMETERS; SDK_UNVERIFIED,448,| 参数名 | 类型 | 描述 | | :--- | :--- | :--- | | `func_status` | `VoiceFuncStatus&` | 输出参数，语音功能状态对象 |,`GDKRes`，操作结果状态码。成功时返回`GDKRes::kSuccess`，`func_status`参数包含功能状态信息,method,https://support.agibot.com/?gdk_version=2.6.3#contents/reference/cpp/interaction.md
contents/reference/cpp/interaction.md,C++,Interaction,GetAsrText,GetAsrText() [heading; full declaration NOT DOCUMENTED; SDK UNVERIFIED],获取ASR（自动语音识别）文本,NO,DOCUMENTED_PARAMETERS; SDK_UNVERIFIED,571,| 参数名 | 类型 | 描述 | | :--- | :--- | :--- | | `asr_text` | `std::string&` | 输出参数，识别到的文本内容 |,`GDKRes`，操作结果状态码。成功时返回`GDKRes::kSuccess`，`asr_text`参数包含识别到的文本,method,https://support.agibot.com/?gdk_version=2.6.3#contents/reference/cpp/interaction.md
contents/reference/cpp/interaction.md,C++,Interaction,RegisterCallback,RegisterCallback() [heading; full declaration NOT DOCUMENTED; SDK UNVERIFIED],注册回调函数,NO,DOCUMENTED_PARAMETERS; SDK_UNVERIFIED,613,| 参数名 | 类型 | 描述 | | :--- | :--- | :--- | | `type` | `const std::string&` | 回调类型 | | `callback` | `std::function<void(const std::any&)>` | 回调函数 |,`GDKRes`，操作结果状态码。成功时返回`GDKRes::kSuccess`,method,https://support.agibot.com/?gdk_version=2.6.3#contents/reference/cpp/interaction.md
contents/reference/cpp/interaction.md,C++,Interaction,UnregisterCallback,UnregisterCallback() [heading; full declaration NOT DOCUMENTED; SDK UNVERIFIED],注销回调函数,NO,DOCUMENTED_PARAMETERS; SDK_UNVERIFIED,628,| 参数名 | 类型 | 描述 | | :--- | :--- | :--- | | `type` | `const std::string&` | 回调类型 |,`GDKRes`，操作结果状态码。成功时返回`GDKRes::kSuccess`,method,https://support.agibot.com/?gdk_version=2.6.3#contents/reference/cpp/interaction.md
contents/reference/cpp/interaction.md,C++,Interaction,Language,enum class Language {,Supporting documented type; see complete local source definition,NO,DOCUMENTED_TYPE; SDK_UNVERIFIED,36,See source member definition,N/A,type,https://support.agibot.com/?gdk_version=2.6.3#contents/reference/cpp/interaction.md
contents/reference/cpp/interaction.md,C++,Interaction,VoiceFuncStatus,struct VoiceFuncStatus {,Supporting documented type; see complete local source definition,NO,DOCUMENTED_TYPE; SDK_UNVERIFIED,496,See source member definition,N/A,type,https://support.agibot.com/?gdk_version=2.6.3#contents/reference/cpp/interaction.md
contents/reference/cpp/interaction.md,C++,Interaction,VoiceSettings,struct VoiceSettings {,Supporting documented type; see complete local source definition,NO,DOCUMENTED_TYPE; SDK_UNVERIFIED,519,See source member definition,N/A,type,https://support.agibot.com/?gdk_version=2.6.3#contents/reference/cpp/interaction.md
contents/reference/cpp/uss.md,C++,UltrasonicRadar,GetLatestUltrasonicRadar,GetLatestUltrasonicRadar() [heading; full declaration NOT DOCUMENTED; SDK UNVERIFIED],获取最新的超声波雷达数据,NO,DOCUMENTED_PARAMETERS; SDK_UNVERIFIED,13,| 参数名 | 类型 | 描述 | | :--- | :--- | :--- | | `ultrasonic_radar` | `std::shared_ptr<UltrasonicRadars>&` | 输出参数，超声波雷达数据指针 |,`GDKRes`，操作结果状态码。成功时返回`GDKRes::kSuccess`，`ultrasonic_radar`参数包含超声波雷达数据,method,https://support.agibot.com/?gdk_version=2.6.3#contents/reference/cpp/uss.md
contents/reference/cpp/uss.md,C++,UltrasonicRadar,GetNearestUltrasonicRadar,GetNearestUltrasonicRadar() [heading; full declaration NOT DOCUMENTED; SDK UNVERIFIED],获取指定时间戳附近最近的超声波雷达数据,NO,DOCUMENTED_PARAMETERS; SDK_UNVERIFIED,105,| 参数名 | 类型 | 描述 | | :--- | :--- | :--- | | `timestamp_ns` | `const uint64_t` | 目标时间戳（纳秒） | | `ultrasonic_radar` | `std::shared_ptr<UltrasonicRadars>&` | 输出参数，超声波雷达数据指针 |,`GDKRes`，操作结果状态码。成功时返回`GDKRes::kSuccess`，`ultrasonic_radar`参数包含超声波雷达数据,method,https://support.agibot.com/?gdk_version=2.6.3#contents/reference/cpp/uss.md
contents/reference/cpp/uss.md,C++,UltrasonicRadar,GetUltrasonicRadarFps,GetUltrasonicRadarFps() [heading; full declaration NOT DOCUMENTED; SDK UNVERIFIED],获取超声波雷达数据采集帧率,NO,DOCUMENTED_PARAMETERS; SDK_UNVERIFIED,175,| 参数名 | 类型 | 描述 | | :--- | :--- | :--- | | `fps` | `float&` | 输出参数，超声波雷达帧率（FPS） |,`GDKRes`，操作结果状态码。成功时返回`GDKRes::kSuccess`，`fps`参数包含帧率值,method,https://support.agibot.com/?gdk_version=2.6.3#contents/reference/cpp/uss.md
contents/reference/cpp/uss.md,C++,UltrasonicRadar,GetUltrasonicRadarLatency,GetUltrasonicRadarLatency() [heading; full declaration NOT DOCUMENTED; SDK UNVERIFIED],获取超声波雷达数据延迟统计信息,NO,DOCUMENTED_PARAMETERS; SDK_UNVERIFIED,223,| 参数名 | 类型 | 描述 | | :--- | :--- | :--- | | `window_seconds` | `const float` | 统计窗口时间（秒） | | `latency` | `LatencyStats&` | 输出参数，延迟统计信息 |,`GDKRes`，操作结果状态码。成功时返回`GDKRes::kSuccess`，`latency`参数包含延迟统计信息,method,https://support.agibot.com/?gdk_version=2.6.3#contents/reference/cpp/uss.md
contents/reference/cpp/uss.md,C++,UltrasonicRadar,Close,Close() [heading; full declaration NOT DOCUMENTED; SDK UNVERIFIED],关闭超声波雷达DDS连接,NO,DOCUMENTED_PARAMETERS; SDK_UNVERIFIED,300,无,`GDKRes`，操作结果状态码。成功时返回`GDKRes::kSuccess`,method,https://support.agibot.com/?gdk_version=2.6.3#contents/reference/cpp/uss.md
contents/reference/cpp/uss.md,C++,UltrasonicRadar,UltrasonicRadars,struct UltrasonicRadars{,Supporting documented type; see complete local source definition,NO,DOCUMENTED_TYPE; SDK_UNVERIFIED,34,See source member definition,N/A,type,https://support.agibot.com/?gdk_version=2.6.3#contents/reference/cpp/uss.md
contents/reference/cpp/uss.md,C++,UltrasonicRadar,UltrasonicRadarData,struct UltrasonicRadarData {,Supporting documented type; see complete local source definition,NO,DOCUMENTED_TYPE; SDK_UNVERIFIED,51,See source member definition,N/A,type,https://support.agibot.com/?gdk_version=2.6.3#contents/reference/cpp/uss.md
contents/reference/cpp/uss.md,C++,UltrasonicRadar,LatencyStats,struct LatencyStats {,Supporting documented type; see complete local source definition,NO,DOCUMENTED_TYPE; SDK_UNVERIFIED,238,See source member definition,N/A,type,https://support.agibot.com/?gdk_version=2.6.3#contents/reference/cpp/uss.md
contents/reference/ROS2/imu_node.md,ROS2,Official forwarding node,/imu/livox_front,sensor_msgs::msg::Imu,Published/subscribed topic documented in page; direction and naming conflicts retained in notes,NO,DOCUMENTED_TOPIC; MESSAGE_PACKAGE_UNVERIFIED,8,QoS/rate/DDS domain NOT DOCUMENTED; see source field definition,"N/A (topic, not a ROS service)",topic,https://support.agibot.com/?gdk_version=2.6.3#contents/reference/ROS2/imu_node.md
contents/reference/ROS2/imu_node.md,ROS2,Official forwarding node,/imu/livox_back,sensor_msgs::msg::Imu,Published/subscribed topic documented in page; direction and naming conflicts retained in notes,NO,DOCUMENTED_TOPIC; MESSAGE_PACKAGE_UNVERIFIED,9,QoS/rate/DDS domain NOT DOCUMENTED; see source field definition,"N/A (topic, not a ROS service)",topic,https://support.agibot.com/?gdk_version=2.6.3#contents/reference/ROS2/imu_node.md
contents/reference/ROS2/imu_node.md,ROS2,Official forwarding node,/imu_chassis,sensor_msgs::msg::Imu,Published/subscribed topic documented in page; direction and naming conflicts retained in notes,NO,DOCUMENTED_TOPIC; MESSAGE_PACKAGE_UNVERIFIED,10,QoS/rate/DDS domain NOT DOCUMENTED; see source field definition,"N/A (topic, not a ROS service)",topic,https://support.agibot.com/?gdk_version=2.6.3#contents/reference/ROS2/imu_node.md
contents/reference/ROS2/imu_node.md,ROS2,Official forwarding node,/imu/chassis,sensor_msgs::msg::Imu,Published/subscribed topic documented in page; direction and naming conflicts retained in notes,NO,DOCUMENTED_TOPIC; MESSAGE_PACKAGE_UNVERIFIED,32,QoS/rate/DDS domain NOT DOCUMENTED; see source field definition,"N/A (topic, not a ROS service)",topic,https://support.agibot.com/?gdk_version=2.6.3#contents/reference/ROS2/imu_node.md
contents/reference/ROS2/camera_node.md,ROS2,Official forwarding node,/camera/head_back_fisheye,sensor::msgs::msg::Image [sic; typo in source],Published/subscribed topic documented in page; direction and naming conflicts retained in notes,NO,DOCUMENTED_TOPIC; MESSAGE_PACKAGE_UNVERIFIED,7,QoS/rate/DDS domain NOT DOCUMENTED; see source field definition,"N/A (topic, not a ROS service)",topic,https://support.agibot.com/?gdk_version=2.6.3#contents/reference/ROS2/camera_node.md
contents/reference/ROS2/camera_node.md,ROS2,Official forwarding node,/camera/head_left_fisheye,sensor::msgs::msg::Image [sic; typo in source],Published/subscribed topic documented in page; direction and naming conflicts retained in notes,NO,DOCUMENTED_TOPIC; MESSAGE_PACKAGE_UNVERIFIED,8,QoS/rate/DDS domain NOT DOCUMENTED; see source field definition,"N/A (topic, not a ROS service)",topic,https://support.agibot.com/?gdk_version=2.6.3#contents/reference/ROS2/camera_node.md
contents/reference/ROS2/camera_node.md,ROS2,Official forwarding node,/camera/head_right_fisheye,sensor::msgs::msg::Image [sic; typo in source],Published/subscribed topic documented in page; direction and naming conflicts retained in notes,NO,DOCUMENTED_TOPIC; MESSAGE_PACKAGE_UNVERIFIED,9,QoS/rate/DDS domain NOT DOCUMENTED; see source field definition,"N/A (topic, not a ROS service)",topic,https://support.agibot.com/?gdk_version=2.6.3#contents/reference/ROS2/camera_node.md
contents/reference/ROS2/camera_node.md,ROS2,Official forwarding node,/camera/head_stereo_left,sensor::msgs::msg::Image [sic; typo in source],Published/subscribed topic documented in page; direction and naming conflicts retained in notes,NO,DOCUMENTED_TOPIC; MESSAGE_PACKAGE_UNVERIFIED,10,QoS/rate/DDS domain NOT DOCUMENTED; see source field definition,"N/A (topic, not a ROS service)",topic,https://support.agibot.com/?gdk_version=2.6.3#contents/reference/ROS2/camera_node.md
contents/reference/ROS2/camera_node.md,ROS2,Official forwarding node,/camera/head_stereo_right,sensor::msgs::msg::Image [sic; typo in source],Published/subscribed topic documented in page; direction and naming conflicts retained in notes,NO,DOCUMENTED_TOPIC; MESSAGE_PACKAGE_UNVERIFIED,11,QoS/rate/DDS domain NOT DOCUMENTED; see source field definition,"N/A (topic, not a ROS service)",topic,https://support.agibot.com/?gdk_version=2.6.3#contents/reference/ROS2/camera_node.md
contents/reference/ROS2/camera_node.md,ROS2,Official forwarding node,/camera/hand_left,sensor::msgs::msg::Image [sic; typo in source],Published/subscribed topic documented in page; direction and naming conflicts retained in notes,NO,DOCUMENTED_TOPIC; MESSAGE_PACKAGE_UNVERIFIED,12,QoS/rate/DDS domain NOT DOCUMENTED; see source field definition,"N/A (topic, not a ROS service)",topic,https://support.agibot.com/?gdk_version=2.6.3#contents/reference/ROS2/camera_node.md
contents/reference/ROS2/camera_node.md,ROS2,Official forwarding node,/camera/hand_right,sensor::msgs::msg::Image [sic; typo in source],Published/subscribed topic documented in page; direction and naming conflicts retained in notes,NO,DOCUMENTED_TOPIC; MESSAGE_PACKAGE_UNVERIFIED,13,QoS/rate/DDS domain NOT DOCUMENTED; see source field definition,"N/A (topic, not a ROS service)",topic,https://support.agibot.com/?gdk_version=2.6.3#contents/reference/ROS2/camera_node.md
contents/reference/ROS2/camera_node.md,ROS2,Official forwarding node,/camera/head_color,sensor::msgs::msg::Image [sic; typo in source],Published/subscribed topic documented in page; direction and naming conflicts retained in notes,NO,DOCUMENTED_TOPIC; MESSAGE_PACKAGE_UNVERIFIED,14,QoS/rate/DDS domain NOT DOCUMENTED; see source field definition,"N/A (topic, not a ROS service)",topic,https://support.agibot.com/?gdk_version=2.6.3#contents/reference/ROS2/camera_node.md
contents/reference/ROS2/camera_node.md,ROS2,Official forwarding node,/camera/head_depth,sensor::msgs::msg::Image [sic; typo in source],Published/subscribed topic documented in page; direction and naming conflicts retained in notes,NO,DOCUMENTED_TOPIC; MESSAGE_PACKAGE_UNVERIFIED,15,QoS/rate/DDS domain NOT DOCUMENTED; see source field definition,"N/A (topic, not a ROS service)",topic,https://support.agibot.com/?gdk_version=2.6.3#contents/reference/ROS2/camera_node.md
contents/reference/ROS2/camera_node.md,ROS2,Official forwarding node,/camera/hand_left_depth,sensor::msgs::msg::Image [sic; typo in source],Published/subscribed topic documented in page; direction and naming conflicts retained in notes,NO,DOCUMENTED_TOPIC; MESSAGE_PACKAGE_UNVERIFIED,16,QoS/rate/DDS domain NOT DOCUMENTED; see source field definition,"N/A (topic, not a ROS service)",topic,https://support.agibot.com/?gdk_version=2.6.3#contents/reference/ROS2/camera_node.md
contents/reference/ROS2/camera_node.md,ROS2,Official forwarding node,/camera/hand_right_depth,sensor::msgs::msg::Image [sic; typo in source],Published/subscribed topic documented in page; direction and naming conflicts retained in notes,NO,DOCUMENTED_TOPIC; MESSAGE_PACKAGE_UNVERIFIED,17,QoS/rate/DDS domain NOT DOCUMENTED; see source field definition,"N/A (topic, not a ROS service)",topic,https://support.agibot.com/?gdk_version=2.6.3#contents/reference/ROS2/camera_node.md
contents/reference/ROS2/camera_node.md,ROS2,Official forwarding node,/camera/hand_left_color,sensor::msgs::msg::Image [sic; typo in source],Published/subscribed topic documented in page; direction and naming conflicts retained in notes,NO,DOCUMENTED_TOPIC; MESSAGE_PACKAGE_UNVERIFIED,65,QoS/rate/DDS domain NOT DOCUMENTED; see source field definition,"N/A (topic, not a ROS service)",topic,https://support.agibot.com/?gdk_version=2.6.3#contents/reference/ROS2/camera_node.md
contents/reference/ROS2/camera_node.md,ROS2,Official forwarding node,/camera/hand_right_color,sensor::msgs::msg::Image [sic; typo in source],Published/subscribed topic documented in page; direction and naming conflicts retained in notes,NO,DOCUMENTED_TOPIC; MESSAGE_PACKAGE_UNVERIFIED,66,QoS/rate/DDS domain NOT DOCUMENTED; see source field definition,"N/A (topic, not a ROS service)",topic,https://support.agibot.com/?gdk_version=2.6.3#contents/reference/ROS2/camera_node.md
contents/reference/ROS2/camera_compress_node.md,ROS2,Official forwarding node,/camera/head_back_fisheye,sensor_msgs::msg::CompressedImage,Published/subscribed topic documented in page; direction and naming conflicts retained in notes,NO,DOCUMENTED_TOPIC; MESSAGE_PACKAGE_UNVERIFIED,8,QoS/rate/DDS domain NOT DOCUMENTED; see source field definition,"N/A (topic, not a ROS service)",topic,https://support.agibot.com/?gdk_version=2.6.3#contents/reference/ROS2/camera_compress_node.md
contents/reference/ROS2/camera_compress_node.md,ROS2,Official forwarding node,/camera/head_left_fisheye,sensor_msgs::msg::CompressedImage,Published/subscribed topic documented in page; direction and naming conflicts retained in notes,NO,DOCUMENTED_TOPIC; MESSAGE_PACKAGE_UNVERIFIED,9,QoS/rate/DDS domain NOT DOCUMENTED; see source field definition,"N/A (topic, not a ROS service)",topic,https://support.agibot.com/?gdk_version=2.6.3#contents/reference/ROS2/camera_compress_node.md
contents/reference/ROS2/camera_compress_node.md,ROS2,Official forwarding node,/camera/head_right_fisheye,sensor_msgs::msg::CompressedImage,Published/subscribed topic documented in page; direction and naming conflicts retained in notes,NO,DOCUMENTED_TOPIC; MESSAGE_PACKAGE_UNVERIFIED,10,QoS/rate/DDS domain NOT DOCUMENTED; see source field definition,"N/A (topic, not a ROS service)",topic,https://support.agibot.com/?gdk_version=2.6.3#contents/reference/ROS2/camera_compress_node.md
contents/reference/ROS2/camera_compress_node.md,ROS2,Official forwarding node,/camera/head_stereo_left,sensor_msgs::msg::CompressedImage,Published/subscribed topic documented in page; direction and naming conflicts retained in notes,NO,DOCUMENTED_TOPIC; MESSAGE_PACKAGE_UNVERIFIED,11,QoS/rate/DDS domain NOT DOCUMENTED; see source field definition,"N/A (topic, not a ROS service)",topic,https://support.agibot.com/?gdk_version=2.6.3#contents/reference/ROS2/camera_compress_node.md
contents/reference/ROS2/camera_compress_node.md,ROS2,Official forwarding node,/camera/head_stereo_right,sensor_msgs::msg::CompressedImage,Published/subscribed topic documented in page; direction and naming conflicts retained in notes,NO,DOCUMENTED_TOPIC; MESSAGE_PACKAGE_UNVERIFIED,12,QoS/rate/DDS domain NOT DOCUMENTED; see source field definition,"N/A (topic, not a ROS service)",topic,https://support.agibot.com/?gdk_version=2.6.3#contents/reference/ROS2/camera_compress_node.md
contents/reference/ROS2/camera_compress_node.md,ROS2,Official forwarding node,/camera/hand_left_color,sensor_msgs::msg::CompressedImage,Published/subscribed topic documented in page; direction and naming conflicts retained in notes,NO,DOCUMENTED_TOPIC; MESSAGE_PACKAGE_UNVERIFIED,13,QoS/rate/DDS domain NOT DOCUMENTED; see source field definition,"N/A (topic, not a ROS service)",topic,https://support.agibot.com/?gdk_version=2.6.3#contents/reference/ROS2/camera_compress_node.md
contents/reference/ROS2/camera_compress_node.md,ROS2,Official forwarding node,/camera/hand_right_color,sensor_msgs::msg::CompressedImage,Published/subscribed topic documented in page; direction and naming conflicts retained in notes,NO,DOCUMENTED_TOPIC; MESSAGE_PACKAGE_UNVERIFIED,14,QoS/rate/DDS domain NOT DOCUMENTED; see source field definition,"N/A (topic, not a ROS service)",topic,https://support.agibot.com/?gdk_version=2.6.3#contents/reference/ROS2/camera_compress_node.md
contents/reference/ROS2/camera_compress_node.md,ROS2,Official forwarding node,/camera/head_color,sensor_msgs::msg::CompressedImage,Published/subscribed topic documented in page; direction and naming conflicts retained in notes,NO,DOCUMENTED_TOPIC; MESSAGE_PACKAGE_UNVERIFIED,15,QoS/rate/DDS domain NOT DOCUMENTED; see source field definition,"N/A (topic, not a ROS service)",topic,https://support.agibot.com/?gdk_version=2.6.3#contents/reference/ROS2/camera_compress_node.md
contents/reference/ROS2/camera_compress_node.md,ROS2,Official forwarding node,/camera/head_depth,sensor_msgs::msg::CompressedImage,Published/subscribed topic documented in page; direction and naming conflicts retained in notes,NO,DOCUMENTED_TOPIC; MESSAGE_PACKAGE_UNVERIFIED,16,QoS/rate/DDS domain NOT DOCUMENTED; see source field definition,"N/A (topic, not a ROS service)",topic,https://support.agibot.com/?gdk_version=2.6.3#contents/reference/ROS2/camera_compress_node.md
contents/reference/ROS2/camera_compress_node.md,ROS2,Official forwarding node,/camera/hand_left_depth,sensor_msgs::msg::CompressedImage,Published/subscribed topic documented in page; direction and naming conflicts retained in notes,NO,DOCUMENTED_TOPIC; MESSAGE_PACKAGE_UNVERIFIED,17,QoS/rate/DDS domain NOT DOCUMENTED; see source field definition,"N/A (topic, not a ROS service)",topic,https://support.agibot.com/?gdk_version=2.6.3#contents/reference/ROS2/camera_compress_node.md
contents/reference/ROS2/camera_compress_node.md,ROS2,Official forwarding node,/camera/hand_right_depth,sensor_msgs::msg::CompressedImage,Published/subscribed topic documented in page; direction and naming conflicts retained in notes,NO,DOCUMENTED_TOPIC; MESSAGE_PACKAGE_UNVERIFIED,18,QoS/rate/DDS domain NOT DOCUMENTED; see source field definition,"N/A (topic, not a ROS service)",topic,https://support.agibot.com/?gdk_version=2.6.3#contents/reference/ROS2/camera_compress_node.md
contents/reference/ROS2/lidar_node.md,ROS2,Official forwarding node,/lidar/livox_front,sensor_msgs::msg::PointCloud2,Published/subscribed topic documented in page; direction and naming conflicts retained in notes,NO,DOCUMENTED_TOPIC; MESSAGE_PACKAGE_UNVERIFIED,8,QoS/rate/DDS domain NOT DOCUMENTED; see source field definition,"N/A (topic, not a ROS service)",topic,https://support.agibot.com/?gdk_version=2.6.3#contents/reference/ROS2/lidar_node.md
contents/reference/ROS2/lidar_node.md,ROS2,Official forwarding node,/lidar/livox_back,sensor_msgs::msg::PointCloud2,Published/subscribed topic documented in page; direction and naming conflicts retained in notes,NO,DOCUMENTED_TOPIC; MESSAGE_PACKAGE_UNVERIFIED,9,QoS/rate/DDS domain NOT DOCUMENTED; see source field definition,"N/A (topic, not a ROS service)",topic,https://support.agibot.com/?gdk_version=2.6.3#contents/reference/ROS2/lidar_node.md
contents/reference/ROS2/control_node.md,ROS2,Official forwarding node,/wbc/motion_control_status,genie_msgs::msg::MotionControlStatus.msg [sic],Published/subscribed topic documented in page; direction and naming conflicts retained in notes,NO,DOCUMENTED_TOPIC; MESSAGE_PACKAGE_UNVERIFIED,7,QoS/rate/DDS domain NOT DOCUMENTED; see source field definition,"N/A (topic, not a ROS service)",topic,https://support.agibot.com/?gdk_version=2.6.3#contents/reference/ROS2/control_node.md
contents/reference/ROS2/control_node.md,ROS2,Official forwarding node,/hal/joint_state,genie_msgs::msg::JointState,Published/subscribed topic documented in page; direction and naming conflicts retained in notes,NO; CANDIDATE_ONLY,DOCUMENTED_TOPIC; MESSAGE_PACKAGE_UNVERIFIED,44,QoS/rate/DDS domain NOT DOCUMENTED; see source field definition,"N/A (topic, not a ROS service)",topic,https://support.agibot.com/?gdk_version=2.6.3#contents/reference/ROS2/control_node.md
contents/reference/ROS2/control_node.md,ROS2,Official forwarding node,/MotionControlService/JointPosition/request,genie_msg::msg::CommonResponse.msg [sic; request type conflict],Published/subscribed topic documented in page; direction and naming conflicts retained in notes,NO,DOCUMENTED_TOPIC; MESSAGE_PACKAGE_UNVERIFIED,80,QoS/rate/DDS domain NOT DOCUMENTED; see source field definition,"N/A (topic, not a ROS service)",topic,https://support.agibot.com/?gdk_version=2.6.3#contents/reference/ROS2/control_node.md
contents/reference/ROS2/control_node.md,ROS2,Official forwarding node,/MotionControlService/JointPosition/response,genie_msg::msg::CommonResponse.msg [sic; request type conflict],Published/subscribed topic documented in page; direction and naming conflicts retained in notes,NO,DOCUMENTED_TOPIC; MESSAGE_PACKAGE_UNVERIFIED,103,QoS/rate/DDS domain NOT DOCUMENTED; see source field definition,"N/A (topic, not a ROS service)",topic,https://support.agibot.com/?gdk_version=2.6.3#contents/reference/ROS2/control_node.md
contents/reference/cpp/lidar.md,C++,DataView,DataView,DataView() = default;,Documented DataView ownership/access operation; unused by this project,NO,DOCUMENTED_DECLARATION; SDK_UNVERIFIED,91,In original declaration,In original declaration,supporting_method,https://support.agibot.com/?gdk_version=2.6.3#contents/reference/cpp/lidar.md
contents/reference/cpp/lidar.md,C++,DataView,DataView,"DataView(const void* data, size_t size);",Documented DataView ownership/access operation; unused by this project,NO,DOCUMENTED_DECLARATION; SDK_UNVERIFIED,93,In original declaration,In original declaration,supporting_method,https://support.agibot.com/?gdk_version=2.6.3#contents/reference/cpp/lidar.md
contents/reference/cpp/lidar.md,C++,DataView,DataView,explicit DataView(const std::vector<uint8_t>& vec);,Documented DataView ownership/access operation; unused by this project,NO,DOCUMENTED_DECLARATION; SDK_UNVERIFIED,95,In original declaration,In original declaration,supporting_method,https://support.agibot.com/?gdk_version=2.6.3#contents/reference/cpp/lidar.md
contents/reference/cpp/lidar.md,C++,DataView,DataView,DataView(const DataView& other);,Documented DataView ownership/access operation; unused by this project,NO,DOCUMENTED_DECLARATION; SDK_UNVERIFIED,97,In original declaration,In original declaration,supporting_method,https://support.agibot.com/?gdk_version=2.6.3#contents/reference/cpp/lidar.md
contents/reference/cpp/lidar.md,C++,DataView,operator=,DataView& operator=(const DataView& other);,Documented DataView ownership/access operation; unused by this project,NO,DOCUMENTED_DECLARATION; SDK_UNVERIFIED,99,In original declaration,In original declaration,supporting_method,https://support.agibot.com/?gdk_version=2.6.3#contents/reference/cpp/lidar.md
contents/reference/cpp/lidar.md,C++,DataView,DataView,DataView(DataView&& other) noexcept;,Documented DataView ownership/access operation; unused by this project,NO,DOCUMENTED_DECLARATION; SDK_UNVERIFIED,100,In original declaration,In original declaration,supporting_method,https://support.agibot.com/?gdk_version=2.6.3#contents/reference/cpp/lidar.md
contents/reference/cpp/lidar.md,C++,DataView,operator=,DataView& operator=(DataView&& other) noexcept;,Documented DataView ownership/access operation; unused by this project,NO,DOCUMENTED_DECLARATION; SDK_UNVERIFIED,101,In original declaration,In original declaration,supporting_method,https://support.agibot.com/?gdk_version=2.6.3#contents/reference/cpp/lidar.md
contents/reference/cpp/lidar.md,C++,DataView,data,const uint8_t* data() const,Documented DataView ownership/access operation; unused by this project,NO,DOCUMENTED_DECLARATION; SDK_UNVERIFIED,106,In original declaration,In original declaration,supporting_method,https://support.agibot.com/?gdk_version=2.6.3#contents/reference/cpp/lidar.md
contents/reference/cpp/lidar.md,C++,DataView,mutable_data,uint8_t* mutable_data(),Documented DataView ownership/access operation; unused by this project,NO,DOCUMENTED_DECLARATION; SDK_UNVERIFIED,111,In original declaration,In original declaration,supporting_method,https://support.agibot.com/?gdk_version=2.6.3#contents/reference/cpp/lidar.md
contents/reference/cpp/lidar.md,C++,DataView,size,size_t size() const,Documented DataView ownership/access operation; unused by this project,NO,DOCUMENTED_DECLARATION; SDK_UNVERIFIED,116,In original declaration,In original declaration,supporting_method,https://support.agibot.com/?gdk_version=2.6.3#contents/reference/cpp/lidar.md
contents/reference/cpp/lidar.md,C++,DataView,IsOwned,bool IsOwned() const,Documented DataView ownership/access operation; unused by this project,NO,DOCUMENTED_DECLARATION; SDK_UNVERIFIED,121,In original declaration,In original declaration,supporting_method,https://support.agibot.com/?gdk_version=2.6.3#contents/reference/cpp/lidar.md
contents/reference/cpp/lidar.md,C++,DataView,Clone,DataView Clone() const;,Documented DataView ownership/access operation; unused by this project,NO,DOCUMENTED_DECLARATION; SDK_UNVERIFIED,126,In original declaration,In original declaration,supporting_method,https://support.agibot.com/?gdk_version=2.6.3#contents/reference/cpp/lidar.md
contents/reference/cpp/lidar.md,C++,DataView,CreateOwnedFrom,"static DataView CreateOwnedFrom(const void* data, size_t size);",Documented DataView ownership/access operation; unused by this project,NO,DOCUMENTED_DECLARATION; SDK_UNVERIFIED,133,In original declaration,In original declaration,supporting_method,https://support.agibot.com/?gdk_version=2.6.3#contents/reference/cpp/lidar.md
contents/reference/cpp/lidar.md,C++,DataView,AssignOwnedData,"void AssignOwnedData(const void* data, size_t size);",Documented DataView ownership/access operation; unused by this project,NO,DOCUMENTED_DECLARATION; SDK_UNVERIFIED,139,In original declaration,In original declaration,supporting_method,https://support.agibot.com/?gdk_version=2.6.3#contents/reference/cpp/lidar.md
contents/reference/Python/types.md,Python,Map,get_map,"map_info = map_manager.get_map(1) [example expression, NOT signature]",Example-only symbol conflicting with dedicated API page; not trusted for implementation,NO,EXAMPLE_ONLY_UNVERIFIED,532,NOT DOCUMENTED,NOT DOCUMENTED,example_only,https://support.agibot.com/?gdk_version=2.6.3#contents/reference/Python/types.md
contents/reference/cpp/pnc.md,C++,Pnc,get_task_state,"res = pnc.get_task_state(task_state); [example expression, NOT signature]",Example-only symbol conflicting with dedicated API page; not trusted for implementation,NO,EXAMPLE_ONLY_UNVERIFIED,496,NOT DOCUMENTED,NOT DOCUMENTED,example_only,https://support.agibot.com/?gdk_version=2.6.3#contents/reference/cpp/pnc.md
